40°00′33″N,40.00925671,82°43′47″W,-82.72967905
40°00′43″N,40.0120331,82°54′26″W,-82.90717906
40°02′06″N,40.0351157,82°53′00″W,-82.88333691
39°56′48″N,39.94654732,82°56′12″W,-82.93658118
39°53′35″N,39.89301018,82°45′22″W,-82.75617844
39°57′46″N,39.96284035,82°49′34″W,-82.82617531
39°56′17″N,39.9380714,82°44′48″W,-82.74667856
39°59′30″N,39.99179369,82°41′03″W,-82.68423152
39°56′16″N,39.93783194,83°07′55″W,-83.1318545
39°57′02″N,39.95042084,83°04′55″W,-83.08185969
40°04′30″N,40.07507839,82°39′27″W,-82.65740681
40°02′25″N,40.04038642,82°40′17″W,-82.67131846
40°01′43″N,40.02850219,83°06′13″W,-83.10355968
39°57′17″N,39.95477288,82°41′31″W,-82.69197041
39°54′24″N,39.90658518,82°40′30″W,-82.67496212
39°52′54″N,39.88166296,83°09′30″W,-83.15834659
40°07′10″N,40.11945074,82°42′17″W,-82.70459258
39°55′30″N,39.92500703,82°51′57″W,-82.86571097
40°01′22″N,40.02289608,83°07′59″W,-83.13301952
40°07′13″N,40.12024834,82°55′45″W,-82.92909596
40°07′50″N,40.13041706,83°04′46″W,-83.07957701
40°09′39″N,40.16070028,83°11′23″W,-83.18975752
39°55′37″N,39.92689672,83°13′30″W,-83.22493903
39°54′58″N,39.91603842,82°43′31″W,-82.72519123
40°08′39″N,40.14429534,83°09′54″W,-83.16497897
39°59′43″N,39.99541305,83°04′53″W,-83.08140433
40°05′28″N,40.09101401,83°07′28″W,-83.12436906
40°07′05″N,40.11811822,82°43′30″W,-82.72503206
39°53′18″N,39.88820245,83°10′59″W,-83.1831104
40°00′25″N,40.00690712,82°46′48″W,-82.78003342
40°03′42″N,40.06173509,82°57′56″W,-82.96544971
40°03′54″N,40.06509195,83°06′36″W,-83.11003604
40°07′10″N,40.11952376,83°08′03″W,-83.13411199
40°00′32″N,40.00875445,83°02′32″W,-83.04219608
40°03′47″N,40.0630709,83°13′18″W,-83.22174132
39°52′54″N,39.88158085,83°00′23″W,-83.00651459
40°04′59″N,40.08316831,83°01′02″W,-83.01728816
39°53′51″N,39.89759054,83°10′53″W,-83.181401
39°59′25″N,39.99032644,82°55′21″W,-82.92260118
39°56′18″N,39.93825433,82°51′56″W,-82.8655338
40°05′50″N,40.09714576,82°59′24″W,-82.9901046
40°03′33″N,40.0592549,82°42′48″W,-82.7134387
39°56′59″N,39.9497967,82°43′00″W,-82.71656273
39°56′54″N,39.94830553,82°55′00″W,-82.91674476
39°59′29″N,39.99142622,82°51′18″W,-82.85497098
40°03′13″N,40.05366951,82°48′21″W,-82.80571062
39°59′09″N,39.98575591,82°55′19″W,-82.9219783
39°58′41″N,39.97804802,83°02′46″W,-83.04614375
39°55′09″N,39.91921311,83°01′36″W,-83.02678217
40°07′30″N,40.12507647,83°07′23″W,-83.12293547
40°05′10″N,40.08622083,83°10′14″W,-83.17066856
40°04′23″N,40.07299084,82°57′54″W,-82.96512847
40°08′33″N,40.14255913,83°04′59″W,-83.08322968
39°54′10″N,39.90289039,83°07′35″W,-83.12647882
40°01′46″N,40.02952479,82°57′38″W,-82.96042407
40°07′35″N,40.12639488,82°56′53″W,-82.94804594
39°55′21″N,39.92252256,82°49′46″W,-82.82942211
39°58′56″N,39.98218028,82°44′01″W,-82.73351564
39°55′05″N,39.91793045,82°49′24″W,-82.82332614
40°07′23″N,40.12298603,82°47′20″W,-82.78881038
40°07′21″N,40.12251878,82°55′46″W,-82.92942523
40°02′21″N,40.03912713,83°10′37″W,-83.1769057
40°09′16″N,40.15456154,82°39′16″W,-82.65452113
40°07′18″N,40.12155151,82°53′03″W,-82.88413614
39°53′18″N,39.88838136,83°05′08″W,-83.08563153
39°55′41″N,39.92816081,82°51′47″W,-82.86301892
39°56′01″N,39.93364627,83°04′26″W,-83.07384598
40°09′24″N,40.15671798,83°03′19″W,-83.05524163
39°53′44″N,39.89556805,83°12′06″W,-83.20167568
40°05′22″N,40.08933493,82°47′26″W,-82.79061407
40°08′12″N,40.13675576,82°46′05″W,-82.76816449
39°58′08″N,39.96875911,82°47′27″W,-82.79089847
40°07′59″N,40.13319502,83°00′39″W,-83.0108513
40°03′09″N,40.0523687,82°57′22″W,-82.95615489
40°03′41″N,40.06137073,82°50′09″W,-82.83573022
39°58′06″N,39.96826742,82°59′46″W,-82.99607753
40°06′54″N,40.11502971,82°59′34″W,-82.99287742
39°57′43″N,39.9618587,82°56′22″W,-82.93936094
39°54′53″N,39.91465067,82°54′11″W,-82.9029312
39°52′35″N,39.87638411,83°02′08″W,-83.03549438
39°56′50″N,39.94726757,82°55′25″W,-82.92372193
39°58′24″N,39.9733341,82°51′51″W,-82.8642725
40°01′33″N,40.02596513,83°03′31″W,-83.05861621
40°02′39″N,40.04424091,82°47′57″W,-82.79928846
39°54′38″N,39.91056214,83°01′25″W,-83.02359478
39°59′46″N,39.99612268,82°58′15″W,-82.97086285
39°56′49″N,39.94703315,83°07′05″W,-83.11809387
39°54′06″N,39.90170525,82°53′01″W,-82.88368951
40°00′22″N,40.00623617,82°40′42″W,-82.67844783
39°56′31″N,39.94197532,82°52′54″W,-82.88167647
40°03′35″N,40.05980722,83°04′51″W,-83.08071437
40°08′16″N,40.13788028,83°04′58″W,-83.08283526
40°00′11″N,40.00299266,82°44′14″W,-82.73724066
40°07′28″N,40.12439471,83°10′40″W,-83.1776935
40°01′35″N,40.02630384,82°51′39″W,-82.86096593
39°53′22″N,39.88955088,82°51′50″W,-82.86400462
39°59′50″N,39.9971112,82°50′32″W,-82.84225054
39°52′59″N,39.88303482,83°07′39″W,-83.12746169
39°57′28″N,39.95776695,83°00′24″W,-83.00668199
40°00′27″N,40.00739006,82°56′03″W,-82.93405158
39°58′58″N,39.98280839,83°13′11″W,-83.2196425
40°00′47″N,40.01292171,82°47′15″W,-82.78739185
39°55′56″N,39.93215869,82°54′34″W,-82.909536
39°56′47″N,39.94646331,83°00′29″W,-83.00798682
40°01′43″N,40.02871238,82°53′54″W,-82.89821736
39°58′22″N,39.97278964,82°57′17″W,-82.95458687
39°57′34″N,39.9595584,82°56′57″W,-82.94925305
39°58′38″N,39.977152,82°41′28″W,-82.69118642
40°01′29″N,40.02462675,83°11′52″W,-83.1977882
40°07′52″N,40.1309846,82°45′04″W,-82.75110215
40°01′09″N,40.01928025,82°42′03″W,-82.70081678
40°01′41″N,40.02812037,82°58′32″W,-82.97561741
40°08′03″N,40.13403373,82°47′21″W,-82.78915101
40°05′12″N,40.08676015,83°05′05″W,-83.08460701
39°55′58″N,39.93279395,82°44′54″W,-82.74833145
40°05′54″N,40.09820806,83°11′56″W,-83.19891434
39°57′37″N,39.96040851,82°55′55″W,-82.93191204
40°09′25″N,40.15690127,83°08′59″W,-83.14983446
39°57′56″N,39.96548908,82°51′27″W,-82.85744257
39°59′58″N,39.9993807,83°06′54″W,-83.11507447
39°59′13″N,39.98707445,82°53′31″W,-82.89186796
40°05′39″N,40.09412823,83°03′21″W,-83.05579575
39°56′48″N,39.94679082,82°56′05″W,-82.93484876
40°09′33″N,40.15917613,82°42′13″W,-82.70367154
40°07′26″N,40.12400044,82°49′47″W,-82.82981326
39°57′38″N,39.96045196,82°57′25″W,-82.95692826
40°02′27″N,40.04095856,82°44′53″W,-82.74805192
40°01′05″N,40.01817417,82°49′50″W,-82.83054301
40°07′44″N,40.12893222,83°07′32″W,-83.12553979
40°02′36″N,40.04346478,82°45′46″W,-82.76266438
40°04′50″N,40.08054183,82°42′27″W,-82.70754487
39°55′48″N,39.92994208,82°58′27″W,-82.97419337
40°06′42″N,40.11165436,82°46′04″W,-82.76770512
39°58′05″N,39.96817762,82°44′02″W,-82.73381468
39°59′20″N,39.98877959,82°46′12″W,-82.76989068
40°01′27″N,40.02421732,82°53′15″W,-82.88752634
40°01′27″N,40.02424839,82°43′28″W,-82.72438433
40°04′25″N,40.07354049,83°11′13″W,-83.18684867
40°02′46″N,40.04619351,83°12′51″W,-83.21415283
39°55′25″N,39.923672,82°44′30″W,-82.74172277
40°06′14″N,40.10384924,83°04′18″W,-83.07178635
40°02′11″N,40.03644466,83°08′50″W,-83.14729758
39°53′29″N,39.8914306,82°40′57″W,-82.68245857
40°01′53″N,40.03129092,82°47′39″W,-82.79428832
40°06′54″N,40.11508149,82°40′56″W,-82.6821271
39°54′14″N,39.90385403,82°56′53″W,-82.94793588
39°54′49″N,39.91350452,82°48′19″W,-82.80516347
40°09′40″N,40.16124702,82°51′03″W,-82.85072132
39°59′51″N,39.99748419,82°58′35″W,-82.97644401
40°04′02″N,40.06721563,83°07′33″W,-83.12584483
40°01′24″N,40.02340579,82°41′21″W,-82.68920428
39°55′34″N,39.92611191,82°40′23″W,-82.67319425
39°58′06″N,39.96823342,83°10′18″W,-83.17159629
39°58′22″N,39.97281412,83°11′44″W,-83.19566035
40°06′45″N,40.11254705,82°55′31″W,-82.92520153
39°56′39″N,39.9440473,83°01′04″W,-83.01764299
40°03′50″N,40.06390565,82°57′41″W,-82.96142677
39°57′47″N,39.963018,82°43′45″W,-82.7292592
39°54′20″N,39.9054304,83°07′55″W,-83.13195723
39°56′18″N,39.93820208,82°41′03″W,-82.68419846
39°57′26″N,39.95732546,82°46′03″W,-82.76752655
39°54′28″N,39.90772296,83°06′34″W,-83.10942751
39°55′08″N,39.9189508,82°58′48″W,-82.97990148
40°00′20″N,40.00554051,82°50′14″W,-82.83721866
40°04′43″N,40.07869012,83°06′38″W,-83.11048121
40°01′59″N,40.03327503,83°03′18″W,-83.05499363
39°59′01″N,39.98354136,83°07′54″W,-83.13179995
40°04′55″N,40.08205331,82°53′04″W,-82.88432639
40°02′05″N,40.03481756,83°07′27″W,-83.12427831
40°07′53″N,40.13149981,83°02′03″W,-83.03406893
40°04′00″N,40.06678285,83°12′23″W,-83.20635068
40°09′41″N,40.16149623,83°05′59″W,-83.1001122
39°54′43″N,39.91190918,82°48′37″W,-82.81016315
39°52′59″N,39.88347145,82°39′25″W,-82.65696025
40°04′27″N,40.0742204,82°59′46″W,-82.99608096
40°07′53″N,40.13146157,83°01′22″W,-83.02276796
40°00′48″N,40.01340375,83°10′41″W,-83.17794952
39°56′28″N,39.94101153,83°09′30″W,-83.15842967
39°55′37″N,39.9270153,83°04′14″W,-83.07051933
40°01′20″N,40.02216644,83°01′35″W,-83.02643448
40°01′31″N,40.02535189,82°48′44″W,-82.81225489
40°00′11″N,40.00316767,82°52′32″W,-82.87545462
40°04′59″N,40.08318984,82°54′54″W,-82.9151321
40°01′34″N,40.02602521,82°52′27″W,-82.8740751
39°54′31″N,39.90864532,83°03′14″W,-83.05386782
40°07′39″N,40.12740366,83°05′36″W,-83.09339929
40°08′25″N,40.14016172,83°13′00″W,-83.21675871
39°58′22″N,39.97265844,82°41′11″W,-82.68647039
40°06′40″N,40.11104324,82°54′49″W,-82.91374592
40°04′05″N,40.0681894,82°44′57″W,-82.74918272
40°02′51″N,40.04736736,82°47′57″W,-82.79928143
39°56′56″N,39.94888274,82°52′55″W,-82.8818777
40°08′25″N,40.14022711,83°04′52″W,-83.0811373
39°59′05″N,39.98472006,82°58′45″W,-82.97927912
39°59′55″N,39.99872907,83°06′42″W,-83.11164558
39°54′27″N,39.90751156,82°54′04″W,-82.90099379
39°58′18″N,39.97166838,83°06′05″W,-83.10129593
39°56′25″N,39.94022932,82°42′48″W,-82.71325964
40°05′11″N,40.08645059,83°04′32″W,-83.07567901
40°06′00″N,40.09989497,83°06′26″W,-83.10735513
40°00′10″N,40.00274015,82°53′08″W,-82.88558101
40°05′24″N,40.09010788,82°41′47″W,-82.69625702
40°02′59″N,40.04984373,83°07′32″W,-83.12542217
40°02′20″N,40.03899925,82°50′50″W,-82.84721995
40°07′55″N,40.13185506,82°44′19″W,-82.73851528
40°02′57″N,40.04912647,82°53′08″W,-82.88558174
40°08′59″N,40.14981462,83°06′01″W,-83.10029068
40°00′14″N,40.00395442,83°00′13″W,-83.00355943
40°06′28″N,40.10769819,82°42′08″W,-82.70220497
39°58′27″N,39.97413469,83°04′46″W,-83.07932509
40°06′19″N,40.10516641,82°46′52″W,-82.78113172
40°04′53″N,40.08144406,83°04′10″W,-83.0694119
39°59′40″N,39.99454259,82°40′05″W,-82.66811746
40°00′27″N,40.00762639,83°12′10″W,-83.20278853
40°02′34″N,40.04290295,83°02′49″W,-83.04707532
40°04′59″N,40.08317242,83°02′03″W,-83.03407436
40°07′11″N,40.11975403,82°51′21″W,-82.85591006
40°06′40″N,40.11111004,82°40′02″W,-82.66714478
40°07′52″N,40.13113419,82°44′12″W,-82.73661566
40°06′53″N,40.11463443,82°59′12″W,-82.98670277
40°04′22″N,40.07276326,82°44′50″W,-82.74730638
40°09′12″N,40.15337922,82°53′51″W,-82.89745891
39°52′55″N,39.88186909,83°07′21″W,-83.12258029
39°58′14″N,39.97055609,83°10′40″W,-83.17779115
40°08′04″N,40.13453126,83°05′14″W,-83.08717295
39°55′52″N,39.93109723,82°50′23″W,-82.83981857
40°00′59″N,40.01625401,82°50′47″W,-82.84651862
40°05′36″N,40.09335716,82°57′14″W,-82.95395536
39°58′33″N,39.97579379,83°04′28″W,-83.0743578
40°07′18″N,40.1216961,82°47′38″W,-82.79389562
40°09′12″N,40.1532628,83°06′48″W,-83.11323683
39°52′37″N,39.876839,82°56′38″W,-82.94382632
40°08′52″N,40.14765129,83°02′28″W,-83.04101823
39°57′15″N,39.95423315,82°57′24″W,-82.95667487
40°08′44″N,40.14568761,82°57′57″W,-82.96574229
40°01′24″N,40.02320238,82°39′52″W,-82.66436372
39°53′30″N,39.89154759,83°09′30″W,-83.15842783
40°00′25″N,40.00705608,82°56′44″W,-82.94568165
39°54′18″N,39.90493938,83°04′54″W,-83.08153938
39°55′32″N,39.92551296,82°43′52″W,-82.73109008
40°01′53″N,40.0314751,82°51′29″W,-82.85814245
40°00′59″N,40.01644659,82°51′22″W,-82.85618364
39°54′41″N,39.91149479,83°01′07″W,-83.01850302
40°08′31″N,40.14191679,83°09′56″W,-83.16556369
40°09′11″N,40.15308406,83°08′15″W,-83.1374641
39°54′08″N,39.90208433,83°05′39″W,-83.09407185
39°55′44″N,39.92884372,82°57′46″W,-82.96291119
39°59′37″N,39.99363958,82°56′20″W,-82.93875328
40°06′22″N,40.10605849,82°59′01″W,-82.98348044
40°02′18″N,40.03841598,82°46′39″W,-82.77761685
40°07′17″N,40.12127041,83°12′53″W,-83.21461764
39°54′55″N,39.91532322,82°54′40″W,-82.91119517
40°09′12″N,40.15330341,82°44′34″W,-82.74274828
39°53′10″N,39.88600859,82°45′29″W,-82.75793366
40°07′59″N,40.13340642,83°01′24″W,-83.02335139
40°02′42″N,40.04504268,82°50′49″W,-82.84702303
40°01′12″N,40.02003257,82°42′13″W,-82.70347897
39°57′47″N,39.9631655,82°51′23″W,-82.85643098
40°06′03″N,40.10069524,82°45′21″W,-82.75586582
39°57′06″N,39.95178288,83°12′12″W,-83.20322207
39°54′10″N,39.90291311,82°52′21″W,-82.87248926
40°08′01″N,40.13355412,83°05′53″W,-83.09810543
40°03′49″N,40.06365153,83°09′14″W,-83.15394722
39°52′33″N,39.87578617,83°01′43″W,-83.02873696
39°54′55″N,39.91536056,82°52′56″W,-82.88211264
40°04′09″N,40.06913646,82°40′48″W,-82.68007155
40°04′29″N,40.07485345,82°59′56″W,-82.99878218
39°54′59″N,39.9163176,83°03′55″W,-83.06521907
40°03′59″N,40.06641276,82°51′51″W,-82.86428448
40°04′29″N,40.07477471,82°55′08″W,-82.91880842
40°09′16″N,40.1544916,82°53′40″W,-82.89438091
40°08′04″N,40.13456558,83°01′36″W,-83.02652804
39°54′15″N,39.90403401,83°00′51″W,-83.0140557
40°03′08″N,40.0521957,83°13′21″W,-83.22246578
39°57′48″N,39.96327413,83°12′06″W,-83.20164993
39°53′50″N,39.89728588,82°40′19″W,-82.67197406
40°02′02″N,40.03397855,83°04′38″W,-83.07720982
39°59′54″N,39.99844937,82°43′49″W,-82.73014325
39°53′23″N,39.88968851,83°02′57″W,-83.04916023
40°07′46″N,40.12938139,82°39′28″W,-82.65791611
40°04′39″N,40.07746412,82°49′57″W,-82.83238634
40°08′46″N,40.14607469,82°45′19″W,-82.75521039
39°58′44″N,39.97882002,83°03′12″W,-83.05331938
40°00′47″N,40.0129375,82°43′24″W,-82.72326493
40°05′47″N,40.09627681,82°55′35″W,-82.92639693
40°05′29″N,40.09132439,82°52′18″W,-82.87153075
40°03′03″N,40.05085172,83°13′10″W,-83.21941571
39°57′32″N,39.9587722,83°08′29″W,-83.14135144
40°01′07″N,40.01867558,82°49′16″W,-82.82121573
39°59′19″N,39.98861834,83°07′12″W,-83.11988442
40°07′11″N,40.11984123,83°01′37″W,-83.02701423
39°53′22″N,39.88946398,83°03′59″W,-83.06677802
39°56′36″N,39.9433306,83°01′54″W,-83.03176969
40°01′37″N,40.02706691,82°53′23″W,-82.88971295
39°56′55″N,39.94859151,82°51′42″W,-82.86167512
39°55′09″N,39.91906654,82°47′53″W,-82.79796433
40°02′12″N,40.03674283,82°46′11″W,-82.76963507
39°56′21″N,39.93920955,82°49′54″W,-82.83171609
39°58′24″N,39.97322836,82°57′48″W,-82.96326472
40°04′54″N,40.08175569,82°48′25″W,-82.80684553
39°54′47″N,39.91307358,82°55′52″W,-82.93099481
40°07′47″N,40.12958554,83°05′49″W,-83.0968105
39°55′09″N,39.91924094,83°02′18″W,-83.03822049
39°53′28″N,39.89108375,82°42′40″W,-82.71122348
40°08′59″N,40.14999823,82°57′38″W,-82.96063655
39°58′12″N,39.96996523,82°57′56″W,-82.96547381
39°56′27″N,39.94072937,82°41′02″W,-82.68397257
40°01′58″N,40.03273639,83°03′36″W,-83.06003296
39°59′17″N,39.98802564,83°07′44″W,-83.12900782
40°04′25″N,40.07367234,82°40′18″W,-82.67173181
40°02′59″N,40.0501065,83°12′18″W,-83.2050968
40°05′34″N,40.09286427,83°03′59″W,-83.06629127
39°57′43″N,39.96199169,82°54′28″W,-82.90772941
39°52′45″N,39.87912884,83°05′13″W,-83.08684636
40°01′54″N,40.03167499,82°50′36″W,-82.84330156
39°53′04″N,39.88445951,83°01′06″W,-83.0184281
40°01′27″N,40.02423874,82°39′13″W,-82.65374499
40°05′34″N,40.09282581,83°13′19″W,-83.2218562
40°06′54″N,40.11496992,83°05′27″W,-83.09095387
39°52′31″N,39.87528148,83°02′57″W,-83.04930174
40°05′44″N,40.09568628,83°07′59″W,-83.13317289
40°07′37″N,40.12697495,82°53′15″W,-82.88755173
40°08′21″N,40.13917571,83°12′54″W,-83.2150488
40°01′22″N,40.02265268,82°51′42″W,-82.86158561
39°53′59″N,39.89960624,82°58′25″W,-82.97368225
40°06′32″N,40.1090253,82°49′04″W,-82.81774146
39°59′29″N,39.99149795,82°51′21″W,-82.85576352
40°04′04″N,40.06768391,82°44′43″W,-82.74538353
39°52′57″N,39.88246575,82°58′18″W,-82.97162848
39°56′48″N,39.94666061,82°50′28″W,-82.84123804
40°09′04″N,40.15116792,82°46′07″W,-82.76858774
39°56′54″N,39.94838763,82°55′20″W,-82.92210825
40°05′04″N,40.08442326,83°09′13″W,-83.15364819
40°07′18″N,40.12178806,82°42′03″W,-82.700781
40°06′56″N,40.11558299,82°41′39″W,-82.69418899
40°04′55″N,40.08201438,83°08′13″W,-83.13698121
40°09′09″N,40.15258978,83°02′55″W,-83.04861818
40°06′51″N,40.11408337,82°55′23″W,-82.92300173
39°58′01″N,39.9669251,82°51′59″W,-82.86667895
39°57′09″N,39.9524103,83°01′03″W,-83.01740734
39°58′52″N,39.98110923,83°02′46″W,-83.04613449
40°08′29″N,40.14145699,83°00′17″W,-83.00466376
39°57′56″N,39.96567886,82°42′56″W,-82.71556095
39°54′35″N,39.90975058,82°57′07″W,-82.95182581
40°00′46″N,40.01290035,83°13′35″W,-83.22650128
40°08′29″N,40.14145485,82°50′11″W,-82.83631356
39°53′50″N,39.89721941,82°44′24″W,-82.74012832
40°04′49″N,40.08023687,82°55′04″W,-82.91788947
39°59′23″N,39.98969571,82°42′35″W,-82.70983588
39°52′57″N,39.88242977,82°58′09″W,-82.96922395
39°55′27″N,39.92410918,82°49′50″W,-82.83061037
40°04′01″N,40.06691542,83°03′22″W,-83.05623294
39°57′05″N,39.95131425,82°45′55″W,-82.76533878
40°07′53″N,40.13135219,82°58′12″W,-82.96987957
39°53′08″N,39.88557118,83°01′20″W,-83.02235195
40°07′03″N,40.11743232,82°51′59″W,-82.86627309
40°04′31″N,40.07538204,83°01′36″W,-83.02676219
39°59′07″N,39.98530166,82°39′56″W,-82.66566745
40°00′27″N,40.00751922,82°41′51″W,-82.69760439
40°00′58″N,40.01603006,83°02′57″W,-83.04930052
39°54′19″N,39.90535695,82°54′36″W,-82.91003575
39°55′35″N,39.92626236,82°49′51″W,-82.83096853
40°00′47″N,40.01308362,83°13′24″W,-83.22341305
39°54′57″N,39.9158213,83°00′28″W,-83.00766452
39°53′10″N,39.88618475,82°46′55″W,-82.78197245
40°05′30″N,40.09165666,83°04′25″W,-83.07374936
40°02′11″N,40.0364956,83°12′03″W,-83.20094553
40°00′16″N,40.00457182,83°06′33″W,-83.1092545
40°07′42″N,40.12837914,82°50′17″W,-82.83804961
39°55′05″N,39.91799565,83°06′14″W,-83.10382661
40°04′32″N,40.0756811,83°01′29″W,-83.02464474
40°02′35″N,40.04305254,83°06′53″W,-83.11468902
39°56′59″N,39.94964373,82°59′35″W,-82.99302826
39°54′02″N,39.90048574,82°42′30″W,-82.70841421
40°05′24″N,40.0900406,83°02′56″W,-83.04901235
39°53′22″N,39.88942257,82°45′19″W,-82.75523895
40°08′01″N,40.13363561,82°41′44″W,-82.69556079
40°06′59″N,40.11627132,83°13′02″W,-83.21713565
40°02′12″N,40.03673849,82°56′50″W,-82.94734391
40°04′22″N,40.07288442,83°12′26″W,-83.20733943
40°08′25″N,40.14037749,82°55′32″W,-82.92550826
39°57′08″N,39.95232262,82°40′18″W,-82.67175231
39°53′17″N,39.88807107,82°52′12″W,-82.869956
39°57′00″N,39.95008361,83°00′55″W,-83.01531311
40°07′16″N,40.12101761,82°42′19″W,-82.70522379
39°52′59″N,39.88331771,83°09′16″W,-83.15437001
40°06′27″N,40.10757389,82°45′06″W,-82.75165352
39°59′10″N,39.9860961,82°49′19″W,-82.8220421
40°07′40″N,40.12773172,83°11′05″W,-83.1845951
39°56′31″N,39.94184518,83°09′56″W,-83.16566459
40°06′09″N,40.10244025,83°00′45″W,-83.01247798
39°59′02″N,39.98397052,83°11′12″W,-83.18678726
40°08′59″N,40.15007954,82°57′35″W,-82.95969779
40°06′24″N,40.10679622,82°59′13″W,-82.98684852
40°05′23″N,40.08961932,82°50′52″W,-82.84776709
39°55′50″N,39.93044041,82°50′41″W,-82.84481733
40°01′19″N,40.02196336,83°03′14″W,-83.05376422
39°54′04″N,39.90100326,83°09′54″W,-83.16504127
39°57′24″N,39.95654443,82°44′16″W,-82.73786022
40°06′19″N,40.10527444,83°01′03″W,-83.01741627
40°04′59″N,40.08300171,83°05′34″W,-83.09264407
40°06′44″N,40.11230618,82°58′19″W,-82.97181209
39°58′46″N,39.97951793,82°46′12″W,-82.77002876
39°55′11″N,39.91961979,83°05′17″W,-83.08802017
40°08′45″N,40.14575524,82°50′17″W,-82.83794407
39°53′17″N,39.88817272,83°08′38″W,-83.14378413
40°00′14″N,40.00381356,82°43′21″W,-82.72236263
40°09′40″N,40.16112962,83°10′28″W,-83.17454127
39°58′04″N,39.96782304,82°58′12″W,-82.96996843
39°53′33″N,39.89260131,82°41′16″W,-82.68773999
40°05′58″N,40.09957925,83°00′25″W,-83.00706219
40°05′08″N,40.08569077,83°00′14″W,-83.00388336
39°52′55″N,39.88191681,82°45′50″W,-82.76377142
40°06′00″N,40.10012455,83°10′54″W,-83.18177818
40°08′19″N,40.1385578,82°46′01″W,-82.76707682
39°54′40″N,39.91120647,82°48′06″W,-82.8016837
40°00′15″N,40.00409075,83°00′10″W,-83.00275367
39°56′09″N,39.93591824,83°02′09″W,-83.03592984
40°01′07″N,40.0185522,83°07′25″W,-83.12371567
40°08′42″N,40.14505386,82°55′20″W,-82.92231268
40°06′30″N,40.10838876,83°13′26″W,-83.22380786
39°58′46″N,39.97946148,83°05′57″W,-83.09914968
39°56′55″N,39.94870832,82°58′07″W,-82.96847759
39°54′22″N,39.90600727,82°54′29″W,-82.90816902
40°08′11″N,40.1363582,82°55′00″W,-82.91654099
40°05′17″N,40.08813367,83°09′19″W,-83.15519439
39°59′36″N,39.9932725,83°03′49″W,-83.06364591
40°06′24″N,40.10674173,83°10′35″W,-83.17640186
40°01′41″N,40.02801717,83°06′16″W,-83.10432303
40°05′58″N,40.09957422,83°08′02″W,-83.13399145
40°00′44″N,40.01209456,82°45′54″W,-82.76495214
39°59′00″N,39.98331455,83°07′24″W,-83.12319587
39°57′48″N,39.96338442,82°42′02″W,-82.70064462
39°57′03″N,39.95080507,83°12′01″W,-83.20019719
39°55′29″N,39.92468282,82°51′08″W,-82.85210377
39°58′04″N,39.96786786,83°09′41″W,-83.16140572
40°07′36″N,40.12657365,83°06′55″W,-83.11537065
39°52′51″N,39.8807691,83°13′14″W,-83.22056924
39°57′50″N,39.96402297,82°49′37″W,-82.8269175
39°53′36″N,39.89338371,83°11′03″W,-83.18410397
39°55′40″N,39.92783192,83°04′12″W,-83.07005324
40°00′50″N,40.0138346,82°59′14″W,-82.98717154
40°02′39″N,40.04420391,82°52′46″W,-82.87942276
40°01′24″N,40.02332899,82°48′37″W,-82.81027868
39°57′36″N,39.95993284,83°06′38″W,-83.11069429
40°02′33″N,40.0425598,83°07′16″W,-83.12114242
40°07′59″N,40.13336419,82°58′07″W,-82.96870929
39°55′49″N,39.93020813,82°41′19″W,-82.68871432
40°06′56″N,40.1156273,82°44′14″W,-82.7371385
39°57′20″N,39.95559949,82°48′24″W,-82.80665555
40°01′26″N,40.02378364,82°48′35″W,-82.80960364
39°59′03″N,39.98412599,82°51′33″W,-82.85924207
39°57′08″N,39.95221733,82°57′06″W,-82.95177174
40°08′56″N,40.14893856,83°13′22″W,-83.22279994
40°08′56″N,40.14875465,82°44′44″W,-82.74564242
39°52′59″N,39.88303367,83°05′27″W,-83.09074916
40°04′59″N,40.08305342,82°42′18″W,-82.70497023
39°56′48″N,39.94678678,83°06′43″W,-83.11188212
39°56′51″N,39.94737015,83°13′23″W,-83.22311093
40°00′13″N,40.00363851,82°48′02″W,-82.80048027
39°53′34″N,39.89286882,82°53′47″W,-82.89650584
40°06′09″N,40.10248413,82°49′31″W,-82.82516492
40°02′03″N,40.03417258,82°45′00″W,-82.74988875
39°57′12″N,39.95337618,82°59′56″W,-82.99886707
40°08′01″N,40.13355885,83°07′18″W,-83.12156624
39°58′13″N,39.97038472,83°01′32″W,-83.02564446
39°57′47″N,39.96309897,82°46′08″W,-82.76893551
39°59′08″N,39.98557972,83°08′35″W,-83.14317568
39°56′07″N,39.9352568,82°45′07″W,-82.75198846
40°08′35″N,40.14303255,82°56′43″W,-82.94534784
39°57′15″N,39.95416461,83°07′53″W,-83.13150323
40°04′19″N,40.07186597,82°56′30″W,-82.94178989
39°55′29″N,39.92482788,82°51′23″W,-82.85640817
40°04′55″N,40.08205281,83°04′15″W,-83.07078108
39°53′51″N,39.89746239,83°01′19″W,-83.02181496
39°53′33″N,39.89242751,83°01′27″W,-83.02428767
39°55′25″N,39.92372889,82°55′09″W,-82.91918561
39°54′46″N,39.91282254,83°01′50″W,-83.03061931
40°02′43″N,40.0451943,82°59′05″W,-82.98467264
40°05′19″N,40.08862512,82°46′24″W,-82.77343966
40°01′24″N,40.02341907,82°49′30″W,-82.82491264
40°02′36″N,40.04321837,82°42′19″W,-82.7051947
40°08′53″N,40.14797216,82°46′52″W,-82.78105205
39°53′56″N,39.89885772,82°49′48″W,-82.82996288
40°04′29″N,40.07468911,82°53′41″W,-82.89472744
39°54′32″N,39.90898899,82°41′15″W,-82.68755308
40°05′38″N,40.09394343,83°03′07″W,-83.05192843
39°54′47″N,39.91313799,83°02′03″W,-83.03424869
40°03′36″N,40.05997187,82°52′55″W,-82.88191661
39°58′26″N,39.97392638,83°06′54″W,-83.11511725
39°56′30″N,39.94179228,82°40′26″W,-82.6738672
40°06′25″N,40.10686265,82°55′21″W,-82.92261811
39°52′44″N,39.87887148,82°47′57″W,-82.79903935
39°55′24″N,39.92337861,82°44′28″W,-82.74113159
39°53′12″N,39.88657505,83°07′16″W,-83.12115983
39°59′24″N,39.98991436,83°05′59″W,-83.10008051
39°52′40″N,39.87766519,82°42′06″W,-82.70164372
39°59′22″N,39.98932525,83°10′34″W,-83.17609424
40°08′55″N,40.14859813,82°52′20″W,-82.87213414
39°53′47″N,39.89628989,83°12′17″W,-83.20461342
40°08′07″N,40.13538337,83°03′18″W,-83.0550836
40°07′30″N,40.12487918,82°48′11″W,-82.80303723
39°57′39″N,39.96081916,82°44′36″W,-82.74339821
40°08′20″N,40.13882518,82°52′46″W,-82.87945628
40°04′23″N,40.07317356,82°55′18″W,-82.92169347
39°54′37″N,39.91036643,82°57′30″W,-82.95830793
40°01′37″N,40.02688625,83°00′17″W,-83.00469868
39°57′06″N,39.95153757,83°12′32″W,-83.20884788
40°01′28″N,40.02457208,82°56′39″W,-82.94409009
40°07′44″N,40.1288346,83°06′46″W,-83.11281513
39°54′26″N,39.90727343,83°08′31″W,-83.14188957
40°06′05″N,40.10148644,82°43′34″W,-82.72610439
39°53′20″N,39.88900523,82°52′14″W,-82.87049881
40°01′57″N,40.03257031,82°39′25″W,-82.6570257
40°03′15″N,40.05405698,82°57′41″W,-82.96139331
39°55′15″N,39.92070459,83°08′34″W,-83.14283822
39°53′07″N,39.88531485,83°10′45″W,-83.17911806
40°07′18″N,40.12170972,82°43′22″W,-82.72267113
40°03′03″N,40.05070102,83°13′31″W,-83.22524661
39°55′43″N,39.92856005,82°44′48″W,-82.74661834
40°07′36″N,40.1266483,82°52′53″W,-82.88142176
40°04′54″N,40.08178998,83°01′54″W,-83.03159118
40°09′17″N,40.15480302,82°42′04″W,-82.70102375
39°55′22″N,39.92268861,82°49′20″W,-82.82226788
40°08′06″N,40.13498772,83°03′34″W,-83.05934931
40°01′11″N,40.01983816,82°46′11″W,-82.76964156
39°57′01″N,39.9502332,83°03′55″W,-83.06516662
39°58′27″N,39.97409436,82°50′16″W,-82.83764154
40°08′40″N,40.14431057,83°09′07″W,-83.15206104
40°03′57″N,40.06582901,82°56′51″W,-82.9475559
39°54′44″N,39.91214971,83°02′20″W,-83.03882537
39°59′30″N,39.99156425,82°43′12″W,-82.72012983
39°55′17″N,39.92132372,82°48′28″W,-82.80780694
39°57′33″N,39.95921342,83°02′13″W,-83.03692649
39°58′16″N,39.97118919,82°46′19″W,-82.77192878
39°56′55″N,39.94857428,83°04′22″W,-83.07276772
40°01′59″N,40.03318699,83°13′01″W,-83.21706674
40°09′36″N,40.16006194,83°01′22″W,-83.02280627
40°01′19″N,40.02201855,83°06′52″W,-83.11457089
40°02′26″N,40.04068179,83°00′46″W,-83.01269809
39°59′07″N,39.98522367,82°44′38″W,-82.74392243
39°53′40″N,39.89434623,82°53′53″W,-82.89795134
39°53′29″N,39.89138326,82°55′54″W,-82.93158591
40°01′49″N,40.03024924,82°49′31″W,-82.82529078
40°08′53″N,40.1481094,82°54′07″W,-82.90208262
40°05′30″N,40.09153379,82°43′32″W,-82.72544786
39°58′35″N,39.97644774,83°13′07″W,-83.21854308
39°55′38″N,39.92714476,82°49′54″W,-82.83164024
39°53′19″N,39.88863145,83°03′13″W,-83.05365995
40°00′23″N,40.00626083,83°11′25″W,-83.19030443
40°05′50″N,40.09720569,82°41′01″W,-82.6836201
40°02′26″N,40.04057238,82°43′39″W,-82.72755892
39°59′14″N,39.98721209,82°55′53″W,-82.93135943
39°57′46″N,39.9629161,83°06′19″W,-83.10532077
39°58′31″N,39.9751833,82°44′19″W,-82.73856294
39°55′30″N,39.92492477,83°11′01″W,-83.18349565
39°58′37″N,39.97695914,83°03′14″W,-83.0539854
40°09′21″N,40.15572954,82°51′21″W,-82.85574835
40°02′36″N,40.04344249,82°43′54″W,-82.73172149
40°03′54″N,40.0649057,82°45′39″W,-82.76086604
40°05′13″N,40.08708212,83°05′58″W,-83.0994942
40°07′36″N,40.12676187,83°06′15″W,-83.10407758
40°02′06″N,40.03513563,82°47′59″W,-82.79964904
39°52′30″N,39.87501098,82°40′53″W,-82.68146537
40°04′38″N,40.07733723,82°45′45″W,-82.76247517
40°07′13″N,40.12022484,82°44′10″W,-82.73611819
39°58′53″N,39.98151516,82°53′37″W,-82.89372563
39°59′32″N,39.99232546,82°49′29″W,-82.82485398
39°58′39″N,39.97745749,83°04′41″W,-83.07812768
39°59′30″N,39.99173724,82°53′57″W,-82.89915022
39°57′55″N,39.965151,83°11′44″W,-83.1955197
40°04′12″N,40.06991839,82°47′28″W,-82.79118375
39°58′17″N,39.9714151,82°44′54″W,-82.74840602
40°08′08″N,40.13547927,82°53′05″W,-82.88462521
40°05′45″N,40.09574509,83°07′56″W,-83.13209801
40°01′05″N,40.01813395,82°40′48″W,-82.67998111
40°02′32″N,40.04218374,83°09′11″W,-83.15303186
40°05′46″N,40.09611914,82°55′11″W,-82.9196442
40°06′13″N,40.10351243,82°57′10″W,-82.95264771
40°07′16″N,40.12108009,83°11′27″W,-83.19089612
39°57′16″N,39.95439927,83°10′36″W,-83.176631
40°09′07″N,40.15207031,82°41′32″W,-82.69223562
39°54′59″N,39.91669396,83°04′58″W,-83.08279274
40°08′50″N,40.14708373,82°41′34″W,-82.69264567
39°55′59″N,39.93340597,82°49′47″W,-82.82963519
39°57′49″N,39.96354071,82°42′20″W,-82.70561738
40°09′12″N,40.1532296,82°54′08″W,-82.90227117
39°53′26″N,39.89052522,82°45′24″W,-82.75676391
39°52′43″N,39.87850026,83°06′08″W,-83.1023084
39°53′22″N,39.88943386,82°51′12″W,-82.85343096
40°04′19″N,40.07194715,82°58′02″W,-82.96709609
39°59′56″N,39.99876031,83°06′38″W,-83.11063952
39°57′42″N,39.96163457,82°43′08″W,-82.718997
39°57′10″N,39.95291263,83°10′27″W,-83.17424205
40°01′57″N,40.03250308,82°58′51″W,-82.98072452
39°54′17″N,39.90480824,82°41′12″W,-82.68669282
39°58′36″N,39.97675366,82°49′44″W,-82.82885576
40°07′29″N,40.12484191,82°43′38″W,-82.7271002
39°58′53″N,39.98128752,83°06′27″W,-83.10761912
40°09′26″N,40.15712629,82°55′16″W,-82.92114432
40°03′40″N,40.06102387,82°53′23″W,-82.88980992
39°54′18″N,39.90493624,83°05′27″W,-83.09082886
39°54′34″N,39.9093105,83°04′35″W,-83.07648512
40°04′20″N,40.07233329,83°06′55″W,-83.11528771
39°56′40″N,39.94445391,82°42′38″W,-82.71050141
39°56′24″N,39.94004088,82°42′43″W,-82.71203821
39°53′36″N,39.89337696,83°11′30″W,-83.19156113
40°07′43″N,40.1286238,82°47′01″W,-82.78350987
40°01′54″N,40.0315895,82°46′07″W,-82.76854613
39°57′06″N,39.95169632,82°41′36″W,-82.69345611
39°54′54″N,39.91510115,83°04′39″W,-83.07758694
40°07′59″N,40.13343244,82°52′21″W,-82.87251009
39°54′16″N,39.90451739,82°59′37″W,-82.99357047
40°01′52″N,40.03110175,82°44′43″W,-82.74535263
40°07′50″N,40.13060077,83°06′48″W,-83.11344876
39°54′31″N,39.90863473,83°10′05″W,-83.16804304
39°57′55″N,39.96518883,82°46′50″W,-82.78060921
40°06′06″N,40.10178643,82°50′01″W,-82.83355216
39°54′48″N,39.91338571,83°02′36″W,-83.04347062
40°03′04″N,40.0510687,83°11′00″W,-83.18328767
40°06′35″N,40.10974698,83°02′42″W,-83.04505746
40°00′54″N,40.01505718,83°04′42″W,-83.07846275
39°57′16″N,39.95451765,83°01′32″W,-83.02561825
40°05′15″N,40.08760673,82°57′15″W,-82.95416319
39°54′17″N,39.90470721,83°03′39″W,-83.06071476
40°03′56″N,40.06550252,82°49′27″W,-82.82416707
40°05′43″N,40.095334,83°06′40″W,-83.11119943
39°54′28″N,39.90786834,82°51′15″W,-82.85411997
40°04′46″N,40.0793367,82°52′20″W,-82.87224536
39°55′11″N,39.91968082,82°39′19″W,-82.65521644
39°55′51″N,39.9307314,82°57′46″W,-82.96275299
39°53′48″N,39.89654423,83°02′52″W,-83.04784378
39°55′12″N,39.91998548,82°42′46″W,-82.71284604
39°55′30″N,39.92510517,83°00′58″W,-83.01610595
39°59′40″N,39.99448288,82°52′25″W,-82.87347532
40°01′46″N,40.02950386,83°10′38″W,-83.17708928
40°03′11″N,40.05310051,82°40′09″W,-82.66921935
40°03′41″N,40.06130905,83°05′05″W,-83.08482076
40°07′19″N,40.12185462,82°41′23″W,-82.68973329
40°09′19″N,40.15514354,82°41′21″W,-82.68906321
40°00′01″N,40.00020989,82°49′36″W,-82.82666297
39°59′26″N,39.99057427,82°50′23″W,-82.83981608
40°00′00″N,40.00009833,83°00′21″W,-83.00573772
40°02′30″N,40.04170811,83°06′28″W,-83.10772589
39°55′02″N,39.91720014,82°49′06″W,-82.81820449
39°58′54″N,39.98161486,82°40′31″W,-82.67522378
39°59′06″N,39.98494471,83°02′23″W,-83.03970003
40°09′11″N,40.15302729,82°42′23″W,-82.70628017
40°07′53″N,40.13125227,82°44′39″W,-82.74412843
40°01′22″N,40.02283758,83°01′22″W,-83.02289917
39°57′10″N,39.95266322,82°45′51″W,-82.76410664
39°59′53″N,39.99814109,83°03′48″W,-83.06343311
39°59′32″N,39.99231835,83°02′09″W,-83.03580494
40°08′56″N,40.14891993,83°06′25″W,-83.10695515
40°06′21″N,40.1057215,83°06′54″W,-83.11499529
40°01′29″N,40.02462359,82°41′44″W,-82.69547149
40°05′59″N,40.09977073,82°54′42″W,-82.9115955
40°08′03″N,40.13415763,82°55′28″W,-82.92458046
39°55′46″N,39.92943144,82°43′59″W,-82.7331247
39°53′59″N,39.89993336,82°40′55″W,-82.68196832
40°05′09″N,40.08588054,82°50′23″W,-82.83971523
39°54′26″N,39.90728128,83°08′34″W,-83.14284809
39°56′03″N,39.93420851,83°01′09″W,-83.0190414
39°53′50″N,39.89720046,83°08′40″W,-83.14451238
40°05′25″N,40.09019676,83°00′58″W,-83.01622934
40°04′32″N,40.07565206,82°41′45″W,-82.69596067
39°55′28″N,39.92456283,82°47′40″W,-82.79443331
40°03′36″N,40.05987697,82°53′02″W,-82.88388148
40°09′15″N,40.1542505,83°01′02″W,-83.01712289
39°53′38″N,39.89385948,83°12′09″W,-83.20252467
40°00′58″N,40.01599534,83°01′34″W,-83.02606664
40°05′50″N,40.09731577,83°09′35″W,-83.15966821
39°57′39″N,39.96069531,83°04′15″W,-83.07094351
39°55′16″N,39.92115195,83°12′54″W,-83.21508887
40°06′33″N,40.10908861,82°49′54″W,-82.83177835
40°01′33″N,40.02573076,82°58′58″W,-82.98274537
39°58′10″N,39.96943073,83°09′39″W,-83.16069981
39°54′07″N,39.90198857,83°07′03″W,-83.11757695
40°07′12″N,40.1198854,82°41′29″W,-82.69137443
39°59′06″N,39.98503935,83°09′16″W,-83.15453501
40°00′15″N,40.00421965,83°11′27″W,-83.19078215
40°06′39″N,40.11076396,82°51′32″W,-82.85879015
39°54′59″N,39.9167319,82°45′33″W,-82.75908199
40°01′55″N,40.03200807,82°56′38″W,-82.94402374
40°00′09″N,40.00236374,82°50′12″W,-82.83670088
40°04′18″N,40.07162204,82°45′33″W,-82.7591168
39°54′39″N,39.91071312,82°57′36″W,-82.95988402
40°08′59″N,40.14994855,83°09′04″W,-83.15099452
39°57′43″N,39.96186661,82°56′57″W,-82.94915298
40°06′56″N,40.11554098,83°08′12″W,-83.13653887
39°53′26″N,39.89043809,82°58′25″W,-82.97370315
39°58′03″N,39.96756233,83°12′29″W,-83.20817264
39°57′03″N,39.95083185,82°42′52″W,-82.71431907
40°04′20″N,40.07227176,83°12′34″W,-83.20948739
39°59′38″N,39.99401979,82°50′10″W,-82.83607244
39°58′32″N,39.97546236,82°46′14″W,-82.77061164
39°54′42″N,39.91167036,82°44′26″W,-82.74059215
39°56′26″N,39.94053932,82°41′13″W,-82.68690691
40°02′01″N,40.03359305,82°42′39″W,-82.7107807
40°02′49″N,40.04686705,82°45′01″W,-82.75034796
39°58′37″N,39.97703027,83°03′51″W,-83.06417675
40°07′56″N,40.1321052,83°05′26″W,-83.09062286
40°00′29″N,40.00809494,83°05′57″W,-83.09906572
39°53′03″N,39.88417525,82°59′53″W,-82.99802723
39°54′13″N,39.90352532,82°46′58″W,-82.78265813
40°03′07″N,40.05207401,83°11′33″W,-83.19247106
40°03′33″N,40.05919129,83°07′09″W,-83.11921211
39°56′19″N,39.93858009,82°52′11″W,-82.86967003
39°53′41″N,39.89467745,82°48′59″W,-82.81631962
40°08′54″N,40.14846026,82°39′14″W,-82.65384789
40°01′25″N,40.02365232,82°58′46″W,-82.9793149
40°06′12″N,40.10342133,82°54′04″W,-82.90101598
40°05′43″N,40.09530321,82°43′42″W,-82.72822754
39°58′14″N,39.97062003,83°12′05″W,-83.20141606
39°57′44″N,39.96216181,82°53′27″W,-82.89094395
40°09′08″N,40.15220273,83°12′38″W,-83.21063696
39°53′33″N,39.89239876,83°09′12″W,-83.15343499
40°04′14″N,40.07068993,83°00′27″W,-83.00742909
40°03′41″N,40.06137372,83°13′19″W,-83.22182894
39°55′04″N,39.91770622,83°10′36″W,-83.17677334
40°04′04″N,40.0677179,82°47′29″W,-82.79144333
40°02′46″N,40.04611076,83°03′05″W,-83.05134134
39°57′45″N,39.96252332,82°53′31″W,-82.8920008
39°55′28″N,39.92438327,82°58′34″W,-82.97624027
40°07′14″N,40.12042776,82°49′49″W,-82.83031393
39°58′29″N,39.97466214,82°43′00″W,-82.7167884
40°04′23″N,40.0731944,83°06′20″W,-83.10542072
40°03′31″N,40.05848681,82°44′29″W,-82.74137898
39°54′58″N,39.91603228,82°42′27″W,-82.70753664
40°06′16″N,40.10452063,82°49′42″W,-82.82840032
40°02′28″N,40.04122603,82°47′09″W,-82.78571033
39°53′13″N,39.88683096,83°04′03″W,-83.06755609
40°09′01″N,40.15041353,82°41′22″W,-82.68948011
40°09′37″N,40.16041096,83°11′52″W,-83.19786473
40°02′18″N,40.03823258,82°50′14″W,-82.83718458
40°02′36″N,40.04320734,82°44′44″W,-82.74568015
39°54′54″N,39.91506028,82°55′31″W,-82.92516607
40°00′43″N,40.01206595,82°39′55″W,-82.66513916
40°06′02″N,40.10047163,82°56′07″W,-82.93519062
40°02′02″N,40.03398664,83°06′26″W,-83.10732245
39°58′49″N,39.9802004,82°40′33″W,-82.67578618
40°02′54″N,40.04829634,82°47′12″W,-82.78670837
40°07′20″N,40.12221926,83°01′57″W,-83.03237576
39°55′25″N,39.92349943,83°13′15″W,-83.22084687
40°06′31″N,40.10849164,83°03′40″W,-83.06121526
39°53′35″N,39.89296531,82°49′42″W,-82.82836645
39°55′34″N,39.92619596,83°08′41″W,-83.14479714
39°53′33″N,39.89239473,82°55′53″W,-82.93141817
40°02′15″N,40.03753134,82°52′32″W,-82.87551469
40°02′14″N,40.03711032,83°07′49″W,-83.13034778
40°09′13″N,40.15356071,83°09′07″W,-83.15180614
40°03′54″N,40.06505233,82°41′42″W,-82.69506126
39°59′47″N,39.99640935,83°07′10″W,-83.11931422
40°05′04″N,40.08443556,82°40′12″W,-82.67013441
40°03′12″N,40.05346133,83°03′16″W,-83.05452683
40°07′36″N,40.12678663,82°40′49″W,-82.68028612
39°55′35″N,39.92641053,82°41′48″W,-82.69660251
40°06′25″N,40.1069004,82°42′56″W,-82.71565544
39°54′22″N,39.90615195,83°02′38″W,-83.0439353
40°05′17″N,40.08801812,82°44′38″W,-82.74397154
40°01′16″N,40.02101835,82°53′25″W,-82.89014629
39°55′27″N,39.92410235,83°01′29″W,-83.02471182
40°03′11″N,40.05312467,83°03′56″W,-83.0655313
40°09′38″N,40.16059632,83°00′14″W,-83.00377612
40°03′09″N,40.05252497,82°43′47″W,-82.72959172
40°03′16″N,40.05437135,82°39′50″W,-82.6640045
40°00′29″N,40.0081469,82°59′41″W,-82.99461828
40°00′53″N,40.01458902,83°09′06″W,-83.15167016
40°08′50″N,40.14735656,82°41′21″W,-82.68903083
39°57′21″N,39.95592663,83°08′27″W,-83.14074927
39°53′18″N,39.88839992,82°54′24″W,-82.90674417
40°05′13″N,40.08700521,82°46′01″W,-82.76704295
39°59′05″N,39.98477696,82°48′24″W,-82.80657038
40°00′45″N,40.01255939,82°41′11″W,-82.68626167
40°02′03″N,40.03427664,82°40′05″W,-82.66801869
40°06′23″N,40.10630017,82°40′28″W,-82.67446209
40°05′17″N,40.08809136,82°53′14″W,-82.88734538
40°01′22″N,40.0228368,82°50′15″W,-82.83743558
39°54′53″N,39.91460553,82°52′39″W,-82.87754835
39°56′59″N,39.94984581,82°46′52″W,-82.78112959
39°53′30″N,39.89165621,82°43′04″W,-82.71776853
40°05′20″N,40.08881814,82°42′29″W,-82.70816437
40°04′17″N,40.07152242,82°53′54″W,-82.89829915
40°02′19″N,40.03867623,82°58′19″W,-82.97194025
39°54′35″N,39.90961005,82°40′54″W,-82.68155487
40°02′38″N,40.04381404,83°05′34″W,-83.09287056
39°53′06″N,39.88498328,83°06′13″W,-83.10354448
39°56′53″N,39.94793539,82°42′38″W,-82.71061848
39°56′11″N,39.93636882,83°10′23″W,-83.1729435
40°08′10″N,40.13623219,82°46′43″W,-82.77853533
40°02′31″N,40.04195441,82°46′54″W,-82.78176974
40°04′27″N,40.07420614,82°43′03″W,-82.71749718
40°00′09″N,40.00241078,82°53′09″W,-82.88595365
40°02′30″N,40.04156387,83°04′18″W,-83.0715904
40°02′18″N,40.03843059,83°13′34″W,-83.22613454
40°06′07″N,40.10197042,82°53′29″W,-82.89125378
40°07′59″N,40.13313065,83°07′27″W,-83.12421508
40°00′52″N,40.01455283,83°09′13″W,-83.15349533
40°02′17″N,40.03803103,82°40′33″W,-82.67591021
40°01′13″N,40.02039633,83°13′24″W,-83.22343175
39°59′42″N,39.99501854,83°13′23″W,-83.22292633
40°07′12″N,40.11993962,82°42′39″W,-82.71090491
40°00′18″N,40.00496854,82°55′54″W,-82.9317614
39°57′53″N,39.96477342,82°52′25″W,-82.87368195
39°57′04″N,39.95103884,82°54′22″W,-82.90624039
40°08′22″N,40.13937783,83°05′17″W,-83.08800988
39°58′36″N,39.97658093,82°53′36″W,-82.89346721
40°05′20″N,40.0889441,83°10′28″W,-83.17430967
39°52′52″N,39.88113317,82°53′12″W,-82.88653077
39°59′32″N,39.9922662,83°04′21″W,-83.07252379
40°06′23″N,40.10632815,82°56′47″W,-82.94649293
40°03′39″N,40.06086577,82°52′21″W,-82.87242654
40°07′38″N,40.12726578,83°09′40″W,-83.16104117
40°04′54″N,40.08172415,82°51′53″W,-82.86479761
40°05′34″N,40.09288631,82°46′20″W,-82.77221565
40°01′57″N,40.03241957,83°03′55″W,-83.06523568
39°53′43″N,39.8951892,82°57′47″W,-82.96303127
40°04′04″N,40.06782495,83°10′44″W,-83.17897556
40°00′02″N,40.00041925,83°10′50″W,-83.18068486
39°54′13″N,39.90358663,82°58′49″W,-82.9802995
39°59′52″N,39.99786082,82°41′24″W,-82.69006231
39°59′51″N,39.99743074,82°39′16″W,-82.65447815
39°57′08″N,39.95235134,83°04′59″W,-83.08333978
39°54′07″N,39.90183682,82°52′24″W,-82.87345702
39°56′37″N,39.94356953,82°57′12″W,-82.95325658
40°05′29″N,40.09148484,83°01′55″W,-83.03195872
39°59′29″N,39.99151245,82°52′11″W,-82.8697992
40°00′33″N,40.00911676,82°43′06″W,-82.7182438
40°08′57″N,40.14905069,83°12′41″W,-83.21127203
40°08′35″N,40.14303941,82°52′03″W,-82.86736712
40°07′24″N,40.12335507,82°49′59″W,-82.83294989
39°58′58″N,39.98270303,82°51′57″W,-82.86581002
40°08′59″N,40.1500306,82°57′11″W,-82.95295065
40°00′32″N,40.00882628,82°46′39″W,-82.77756288
39°59′19″N,39.98870667,83°00′14″W,-83.0037922
39°57′42″N,39.96155734,82°50′49″W,-82.84692623
40°05′08″N,40.08562499,82°40′01″W,-82.66690595
40°09′25″N,40.1569125,83°07′12″W,-83.11987579
40°01′30″N,40.02503192,83°05′22″W,-83.08949556
40°07′10″N,40.11957623,82°44′13″W,-82.73688587
39°55′17″N,39.92128008,82°54′16″W,-82.90439669
39°53′57″N,39.89919768,82°44′24″W,-82.73990927
40°07′05″N,40.11802072,82°49′04″W,-82.81773237
39°56′12″N,39.9366151,82°57′56″W,-82.96551553
40°07′20″N,40.1223191,82°42′03″W,-82.7007056
40°02′13″N,40.03696053,83°10′23″W,-83.17312617
39°58′52″N,39.98123423,82°57′13″W,-82.95372707
40°07′44″N,40.12894334,83°05′59″W,-83.0998424
39°57′50″N,39.9638103,82°51′42″W,-82.86159547
39°56′58″N,39.94938533,82°59′53″W,-82.99805571
39°58′20″N,39.97211416,83°03′05″W,-83.05151017
39°58′29″N,39.97470364,83°05′10″W,-83.0861198
39°56′52″N,39.94774039,83°03′34″W,-83.05955228
40°00′31″N,40.00847811,83°10′01″W,-83.1669349
40°01′56″N,40.03210523,82°50′29″W,-82.84148445
39°52′48″N,39.87992391,82°39′51″W,-82.66430353
40°05′01″N,40.0836795,82°45′30″W,-82.75828235
40°02′58″N,40.04940905,83°07′30″W,-83.12513555
40°01′29″N,40.02459123,83°04′30″W,-83.07498798
39°59′18″N,39.98835886,83°13′12″W,-83.21996177
39°53′50″N,39.89719419,82°44′26″W,-82.74051232
40°06′37″N,40.11033998,83°09′52″W,-83.16451757
39°58′28″N,39.97439163,82°43′47″W,-82.72963528
40°03′26″N,40.0572649,82°41′06″W,-82.68513145
40°06′15″N,40.1042028,83°06′05″W,-83.10133837
40°05′19″N,40.08866103,82°48′46″W,-82.81271913
40°06′43″N,40.11194315,82°55′58″W,-82.93273549
39°59′13″N,39.98687558,82°53′53″W,-82.89797521
40°09′13″N,40.15353078,82°42′52″W,-82.71437113
39°58′59″N,39.98308566,82°55′29″W,-82.92480873
40°01′33″N,40.02580574,83°07′38″W,-83.1272959
39°57′11″N,39.9531471,83°00′02″W,-83.00048009
39°56′31″N,39.94203233,82°39′57″W,-82.6658201
39°52′48″N,39.87986377,83°09′17″W,-83.15477259
39°55′28″N,39.92443552,83°03′43″W,-83.06192683
40°06′26″N,40.10735363,83°03′17″W,-83.05462833
40°04′54″N,40.08165572,82°42′21″W,-82.70577727
39°52′29″N,39.87476227,83°06′37″W,-83.11033641
39°54′28″N,39.90780179,82°53′53″W,-82.89796952
39°54′09″N,39.90241661,82°46′02″W,-82.76715611
40°00′22″N,40.00620277,82°44′19″W,-82.73869562
39°59′15″N,39.98757704,83°11′52″W,-83.19791154
40°09′36″N,40.15993548,83°02′50″W,-83.04727994
39°53′23″N,39.88976783,82°57′56″W,-82.96551127
39°55′43″N,39.92852469,83°04′12″W,-83.07005855
40°01′33″N,40.02597203,83°08′59″W,-83.14984094
39°56′59″N,39.94959608,82°49′15″W,-82.82087565
39°55′30″N,39.92500891,83°06′02″W,-83.10056392
40°03′20″N,40.05561889,82°41′42″W,-82.69506472
39°54′20″N,39.90543619,83°03′46″W,-83.06281005
40°03′55″N,40.06520308,83°04′52″W,-83.08123757
40°02′28″N,40.04114,83°08′04″W,-83.13451162
39°56′23″N,39.93964484,82°58′52″W,-82.9809772
39°53′42″N,39.89510667,83°07′49″W,-83.13031917
40°02′15″N,40.03737134,83°11′34″W,-83.19282528
40°09′35″N,40.15981836,83°11′50″W,-83.19717152
39°55′14″N,39.92068145,83°03′02″W,-83.05058516
40°04′20″N,40.07227016,83°10′41″W,-83.17813937
40°06′08″N,40.10234415,82°46′41″W,-82.77817586
40°01′09″N,40.01926016,82°49′20″W,-82.82227673
40°06′04″N,40.10116637,82°59′11″W,-82.98627808
40°02′41″N,40.04461447,82°48′19″W,-82.80520415
39°53′41″N,39.89476297,83°05′58″W,-83.09936524
40°06′53″N,40.11475975,82°48′06″W,-82.801547
39°56′40″N,39.94436479,83°03′40″W,-83.06100036
39°59′52″N,39.99782302,82°48′34″W,-82.80949143
40°08′25″N,40.14018537,82°47′57″W,-82.79918767
40°02′10″N,40.03600728,82°55′16″W,-82.92116909
39°57′24″N,39.95669564,82°43′26″W,-82.72376664
40°09′20″N,40.15562542,82°58′58″W,-82.98272875
39°58′54″N,39.98168968,83°05′21″W,-83.08920484
39°55′05″N,39.91811262,83°05′46″W,-83.09599704
39°55′33″N,39.92590636,82°41′19″W,-82.68855065
39°53′52″N,39.89772899,82°44′43″W,-82.74524264
39°54′25″N,39.90696366,82°59′50″W,-82.99715777
39°55′07″N,39.91862434,82°42′42″W,-82.71156322
40°07′30″N,40.12499994,83°00′09″W,-83.00254445
39°54′57″N,39.91592146,82°43′48″W,-82.72988991
39°58′57″N,39.9824412,83°07′20″W,-83.12230441
39°58′41″N,39.97798576,83°05′20″W,-83.08896342
39°58′51″N,39.9807396,83°13′00″W,-83.21669987
40°05′15″N,40.08756247,82°47′53″W,-82.798161
39°54′55″N,39.91540242,83°12′33″W,-83.20925258
39°55′39″N,39.92743771,82°43′33″W,-82.72569972
40°02′29″N,40.04129667,83°00′58″W,-83.01621227
39°53′13″N,39.88689491,82°58′16″W,-82.97107448
40°01′39″N,40.02738757,83°01′24″W,-83.02325099
39°56′24″N,39.94012051,82°45′13″W,-82.75348414
39°53′58″N,39.89931674,82°41′05″W,-82.68469161
39°54′33″N,39.90917369,82°46′01″W,-82.76699295
40°01′07″N,40.01869008,82°50′55″W,-82.8485163
40°01′31″N,40.02514249,82°43′21″W,-82.72253347
40°05′43″N,40.09534323,82°53′10″W,-82.88615094
40°01′18″N,40.02174492,82°40′34″W,-82.67619192
39°53′51″N,39.89761254,82°39′27″W,-82.65749707
40°05′13″N,40.08690368,82°51′08″W,-82.85218465
40°00′26″N,40.00732781,83°02′13″W,-83.03702706
40°06′33″N,40.10925753,83°12′03″W,-83.20069764
39°53′06″N,39.88490204,83°03′41″W,-83.06145621
40°04′48″N,40.07999116,83°04′47″W,-83.07962461
39°55′51″N,39.93084322,82°54′43″W,-82.91203796
40°02′21″N,40.03907703,83°00′44″W,-83.01235427
39°58′11″N,39.96973395,83°07′20″W,-83.12220914
40°07′07″N,40.11856141,83°00′28″W,-83.00773124
40°07′46″N,40.12938687,82°46′51″W,-82.78086907
39°57′12″N,39.95345443,82°53′23″W,-82.88984828
39°54′18″N,39.90508273,82°54′19″W,-82.90531756
39°57′28″N,39.95774774,82°42′16″W,-82.70432804
39°53′24″N,39.88995515,82°43′13″W,-82.72024348
39°53′13″N,39.88701265,83°06′40″W,-83.11118906
40°04′27″N,40.07417402,83°02′47″W,-83.04645785
40°08′21″N,40.13913331,83°06′05″W,-83.10138339
40°06′05″N,40.10141924,83°00′43″W,-83.01186912
40°02′42″N,40.0450714,82°59′34″W,-82.99286395
40°04′54″N,40.08159407,82°55′20″W,-82.92232373
40°01′28″N,40.02449361,83°07′29″W,-83.12482749
40°05′28″N,40.0910322,83°09′58″W,-83.16611451
40°06′30″N,40.10835253,82°59′45″W,-82.99574568
39°54′56″N,39.91542653,82°58′15″W,-82.97089336
40°08′53″N,40.14812641,82°57′44″W,-82.96222507
39°59′32″N,39.99214165,82°50′12″W,-82.83666349
39°59′28″N,39.99115453,82°58′33″W,-82.97571326
40°05′07″N,40.08540019,83°12′30″W,-83.20833249
39°55′29″N,39.92477899,82°54′35″W,-82.90963896
39°54′03″N,39.90086459,82°46′54″W,-82.78179893
40°02′57″N,40.04907804,83°05′01″W,-83.08355724
40°03′17″N,40.05475114,83°08′56″W,-83.14891359
39°59′39″N,39.99407087,82°51′22″W,-82.85616608
39°54′43″N,39.91186206,82°57′44″W,-82.96215454
40°01′34″N,40.02622695,83°03′49″W,-83.06353283
40°04′06″N,40.06828798,83°07′22″W,-83.12271032
39°56′52″N,39.94766822,83°04′44″W,-83.07902528
39°53′12″N,39.88666797,82°58′59″W,-82.98318232
39°53′09″N,39.88571814,82°43′05″W,-82.71808465
39°57′37″N,39.96038746,82°46′03″W,-82.76762418
40°07′59″N,40.13297356,83°07′07″W,-83.1186116
39°54′58″N,39.91602424,82°39′25″W,-82.65695607
39°57′13″N,39.9534877,83°05′09″W,-83.08595149
40°00′42″N,40.01176446,83°08′29″W,-83.14130716
39°56′33″N,39.94250588,82°44′41″W,-82.74465283
40°08′49″N,40.14691706,83°04′47″W,-83.07968705
40°03′13″N,40.05364941,83°03′21″W,-83.05594221
39°59′08″N,39.98554918,82°53′32″W,-82.8921689
40°01′33″N,40.02592049,82°41′26″W,-82.69050344
39°52′59″N,39.88293019,82°44′04″W,-82.73433503
40°02′38″N,40.04394125,82°59′24″W,-82.99006968
39°57′24″N,39.95673969,83°08′00″W,-83.13335585
40°08′35″N,40.14312923,83°07′28″W,-83.12457856
39°59′35″N,39.99312302,82°54′08″W,-82.90218107
40°09′04″N,40.15101392,82°50′18″W,-82.838397
39°58′14″N,39.97050959,82°57′27″W,-82.95757441
40°02′42″N,40.04496093,82°41′35″W,-82.69306153
40°00′42″N,40.01166063,82°54′26″W,-82.90717558
40°01′41″N,40.02803564,82°56′01″W,-82.93355609
39°54′12″N,39.90323055,82°46′27″W,-82.77427283
39°56′07″N,39.93522914,82°48′14″W,-82.80402721
40°08′47″N,40.1462558,82°43′08″W,-82.71884418
39°59′21″N,39.98922227,82°41′31″W,-82.69203428
40°04′25″N,40.07349027,82°41′48″W,-82.69655805
40°00′45″N,40.01262333,82°50′16″W,-82.83790413
39°54′44″N,39.91222492,83°06′52″W,-83.11436467
40°05′34″N,40.09284301,83°01′04″W,-83.01767536
40°05′15″N,40.08756416,83°06′59″W,-83.11625704
40°03′54″N,40.06493737,83°02′28″W,-83.04103498
40°06′33″N,40.10907994,82°43′42″W,-82.72836092
39°54′41″N,39.91137541,83°02′08″W,-83.03549132
40°07′03″N,40.11753367,82°46′44″W,-82.77886204
39°56′53″N,39.94794593,83°11′10″W,-83.18615125
39°59′35″N,39.99299572,82°44′18″W,-82.73825767
39°53′48″N,39.89664269,82°41′20″W,-82.68897737
40°01′11″N,40.01978227,83°06′37″W,-83.11033781
40°03′18″N,40.05494087,83°11′15″W,-83.18743675
39°57′15″N,39.95426211,83°07′54″W,-83.13164762
40°00′40″N,40.01105132,83°12′48″W,-83.21337353
39°57′56″N,39.96564498,83°03′54″W,-83.06492435
40°00′19″N,40.00525847,82°41′17″W,-82.68794708
39°56′36″N,39.943372,83°05′26″W,-83.09064556
39°55′17″N,39.9213297,82°44′21″W,-82.73910628
39°59′11″N,39.98643152,82°50′47″W,-82.84642357
39°59′20″N,39.98878671,82°50′01″W,-82.83369626
40°01′01″N,40.01699549,83°02′40″W,-83.04449619
40°02′21″N,40.03920484,83°01′06″W,-83.01842548
40°02′21″N,40.03927766,82°46′05″W,-82.76808929
39°53′51″N,39.89755157,82°41′09″W,-82.68573051
39°57′05″N,39.95129844,82°59′13″W,-82.98706182
39°56′29″N,39.94134196,82°58′33″W,-82.97594868
40°06′00″N,40.10009839,82°47′16″W,-82.78781647
40°00′44″N,40.01220896,83°10′37″W,-83.17688615
40°08′31″N,40.14182491,82°42′34″W,-82.70935487
39°52′49″N,39.88014253,83°02′27″W,-83.04079675
40°03′08″N,40.05231835,82°41′55″W,-82.69850257
40°06′55″N,40.11518177,82°55′06″W,-82.91843844
40°06′16″N,40.10436847,83°07′01″W,-83.11683162
39°59′48″N,39.99654995,82°55′23″W,-82.92304665
40°03′05″N,40.05146247,83°06′37″W,-83.11040893
40°04′57″N,40.08260309,82°56′37″W,-82.94356315
39°57′36″N,39.95987214,82°50′35″W,-82.84307876
39°53′24″N,39.88989439,82°44′59″W,-82.74964826
40°07′59″N,40.13311884,83°07′24″W,-83.12334827
39°56′47″N,39.94636807,83°06′30″W,-83.10825088
40°00′58″N,40.01611796,82°42′08″W,-82.70212931
40°07′50″N,40.13051675,82°46′03″W,-82.76753779
39°55′13″N,39.92034373,82°42′48″W,-82.71329246
39°56′26″N,39.94064592,82°57′38″W,-82.96060758
40°04′55″N,40.08201152,82°42′08″W,-82.70210431
39°53′46″N,39.89614052,82°53′16″W,-82.88777569
39°58′10″N,39.96956127,83°12′35″W,-83.20985153
40°05′37″N,40.09370984,82°42′36″W,-82.70991215
40°02′41″N,40.0446286,82°44′54″W,-82.74820805
40°08′09″N,40.13580557,82°48′55″W,-82.81517967
39°58′25″N,39.9737324,82°57′29″W,-82.95816971
39°59′35″N,39.99313299,82°46′24″W,-82.77324163
39°55′32″N,39.92546131,83°03′34″W,-83.05936879
40°09′09″N,40.15263434,82°54′18″W,-82.90507058
39°59′13″N,39.9870347,82°46′37″W,-82.77681067
40°05′10″N,40.08600558,82°42′47″W,-82.71306664
40°04′35″N,40.07647046,82°54′58″W,-82.91613497
39°57′44″N,39.96229665,82°46′19″W,-82.77199533
40°05′23″N,40.08968167,82°46′16″W,-82.7712225
40°07′50″N,40.13066983,82°45′59″W,-82.76652601
40°06′57″N,40.11585697,83°02′02″W,-83.03382455
39°53′04″N,39.88447759,82°46′12″W,-82.77001265
40°00′02″N,40.00052687,82°42′43″W,-82.7120005
40°04′26″N,40.07391801,82°39′19″W,-82.65514923
40°00′41″N,40.01141492,83°11′09″W,-83.18579636
40°09′34″N,40.15937783,82°58′03″W,-82.96760382
40°08′47″N,40.14635639,83°12′45″W,-83.21237594
39°53′23″N,39.8896021,83°09′16″W,-83.15438942
39°54′37″N,39.91041007,83°01′24″W,-83.02330959
40°05′30″N,40.09176871,82°52′36″W,-82.87667598
40°09′15″N,40.15429083,82°45′53″W,-82.76479173
40°06′40″N,40.11119017,82°48′13″W,-82.80361392
40°04′57″N,40.08256941,82°55′58″W,-82.93281732
40°01′58″N,40.03265229,82°51′37″W,-82.86018373
39°56′26″N,39.94042022,82°42′37″W,-82.71040225
39°59′14″N,39.98714478,82°56′17″W,-82.93814235
40°04′08″N,40.06876407,83°12′35″W,-83.20980867
39°52′49″N,39.88025799,83°00′30″W,-83.00838154
39°56′37″N,39.94368087,82°57′22″W,-82.95612863
39°53′39″N,39.89411289,82°58′51″W,-82.9807795
39°57′52″N,39.96438943,82°57′43″W,-82.96181173
39°59′10″N,39.98608265,83°10′04″W,-83.16786093
40°02′01″N,40.03347254,82°52′31″W,-82.87531804
40°06′04″N,40.10108317,83°01′59″W,-83.03303853
39°59′13″N,39.98690735,83°11′03″W,-83.18415988
39°59′15″N,39.98745214,83°07′30″W,-83.12507045
40°08′35″N,40.14302893,82°45′07″W,-82.7520007
40°04′11″N,40.06963269,83°01′51″W,-83.03085583
39°52′33″N,39.87586275,82°53′30″W,-82.89153211
40°01′59″N,40.03339027,82°59′52″W,-82.99784061
39°57′24″N,39.95667881,82°39′25″W,-82.65685826
39°52′37″N,39.87702996,82°47′16″W,-82.78779756
40°01′45″N,40.02915709,83°03′43″W,-83.06196271
40°01′56″N,40.03209178,82°48′33″W,-82.80912001
40°00′24″N,40.00678174,83°08′36″W,-83.1434303
40°01′11″N,40.01965476,82°49′57″W,-82.83245715
40°07′10″N,40.11956764,83°11′21″W,-83.18911521
40°04′07″N,40.0686693,82°56′31″W,-82.94198423
40°00′39″N,40.01069599,82°52′10″W,-82.8694441
39°55′49″N,39.93020435,82°50′07″W,-82.83533183
40°04′36″N,40.07670236,82°52′14″W,-82.87065241
39°52′47″N,39.87968102,82°40′30″W,-82.67493914
39°55′11″N,39.91979518,82°48′03″W,-82.8008729
39°59′59″N,39.99961643,83°05′27″W,-83.09076523
40°01′06″N,40.01834766,83°00′48″W,-83.01327017
40°03′54″N,40.06489619,82°43′52″W,-82.73110954
40°09′30″N,40.1582886,83°09′51″W,-83.16407434
39°58′18″N,39.97155571,82°52′21″W,-82.87239226
40°07′35″N,40.12628626,83°08′42″W,-83.14513796
39°56′49″N,39.94705886,83°02′06″W,-83.03501375
40°05′57″N,40.09906215,82°58′01″W,-82.96688725
40°06′26″N,40.10734071,83°08′01″W,-83.13369675
39°56′33″N,39.94244897,82°53′26″W,-82.89050313
39°56′14″N,39.93726803,82°42′22″W,-82.70622762
40°07′05″N,40.11804711,83°01′36″W,-83.02672492
40°05′42″N,40.09488839,82°40′02″W,-82.66711057
40°02′26″N,40.04047476,82°43′17″W,-82.72125811
40°08′36″N,40.14346042,82°49′57″W,-82.83252368
40°07′32″N,40.12559373,83°09′35″W,-83.15985106
39°57′18″N,39.95511952,82°59′55″W,-82.99865261
40°07′44″N,40.12893633,82°54′38″W,-82.91055274
39°57′08″N,39.95220877,83°04′18″W,-83.07165076
39°58′33″N,39.97596766,82°48′06″W,-82.80157782
40°09′43″N,40.16193185,82°50′58″W,-82.84946121
39°55′56″N,39.93221446,82°55′35″W,-82.92647604
40°00′28″N,40.00790242,82°39′57″W,-82.66596199
39°56′10″N,39.93616027,83°06′13″W,-83.10372497
39°56′27″N,39.94093223,83°12′10″W,-83.20282848
40°05′28″N,40.09097717,82°45′31″W,-82.75870873
40°05′58″N,40.09946113,83°05′55″W,-83.09868687
39°54′28″N,39.9077047,83°02′48″W,-83.04654093
39°52′47″N,39.87984694,83°04′53″W,-83.08152519
39°57′20″N,39.95550852,82°42′56″W,-82.71553981
40°09′01″N,40.15018915,82°55′32″W,-82.92553221
40°01′55″N,40.03196709,82°42′29″W,-82.70796072
40°02′56″N,40.04895167,82°47′27″W,-82.79082384
40°00′14″N,40.00383248,82°57′19″W,-82.95522164
39°57′19″N,39.95534796,83°10′57″W,-83.18247425
40°08′54″N,40.14827164,83°09′57″W,-83.16586784
40°07′44″N,40.12890063,83°07′44″W,-83.12879301
40°04′02″N,40.06721992,82°57′01″W,-82.95015267
40°00′25″N,40.00681453,82°39′38″W,-82.66062393
39°57′38″N,39.9606775,82°51′34″W,-82.859552
40°01′59″N,40.03321478,83°10′24″W,-83.17329399
39°53′54″N,39.89838666,82°47′46″W,-82.79611383
40°08′16″N,40.13785075,83°11′43″W,-83.19520711
39°52′36″N,39.87667818,83°12′23″W,-83.20630833
40°03′03″N,40.05092287,83°03′59″W,-83.06646323
40°04′23″N,40.07314454,82°41′13″W,-82.68686445
39°52′55″N,39.88185538,83°08′47″W,-83.14636991
39°59′49″N,39.99694674,82°57′00″W,-82.95003912
40°06′20″N,40.10551193,83°00′16″W,-83.00430957
39°52′58″N,39.88264637,82°43′45″W,-82.72929749
39°56′46″N,39.94622248,82°57′08″W,-82.95211557
39°52′50″N,39.88042337,83°06′59″W,-83.11662234
39°58′22″N,39.97270937,82°53′35″W,-82.89299798
40°09′13″N,40.15368398,82°52′52″W,-82.88107781
39°58′01″N,39.96700358,82°55′11″W,-82.91970347
40°03′12″N,40.05343155,83°05′02″W,-83.08387758
39°57′50″N,39.96398442,82°51′56″W,-82.86550195
39°53′47″N,39.89628415,82°44′13″W,-82.73684421
40°05′41″N,40.09475125,82°43′02″W,-82.71717346
40°09′07″N,40.15191122,83°00′45″W,-83.01255183
39°53′04″N,39.88435561,82°48′08″W,-82.80233978
40°01′23″N,40.02299182,82°54′18″W,-82.90509119
40°03′24″N,40.05675586,83°01′53″W,-83.03139112
39°56′30″N,39.94167401,83°08′41″W,-83.14474528
39°55′21″N,39.92253567,82°49′27″W,-82.82415501
39°56′50″N,39.94728481,83°08′47″W,-83.14637477
40°04′37″N,40.07706759,83°12′52″W,-83.21453321
40°06′00″N,40.10013738,82°40′35″W,-82.67642254
40°08′35″N,40.14309236,83°10′32″W,-83.17562726
39°58′02″N,39.96709968,83°08′42″W,-83.14491488
40°04′02″N,40.06712786,82°59′42″W,-82.9949208
40°05′50″N,40.09713567,82°46′28″W,-82.77450086
39°52′59″N,39.88346493,83°01′13″W,-83.02019667
40°06′43″N,40.11208205,82°46′09″W,-82.76918286
40°08′12″N,40.13655547,83°12′50″W,-83.21382912
40°09′05″N,40.15143196,82°41′19″W,-82.68856013
40°01′44″N,40.02900449,82°52′23″W,-82.87312979
39°53′03″N,39.8842467,83°05′53″W,-83.0979843
39°54′07″N,39.90201557,83°13′08″W,-83.21883444
40°01′57″N,40.03263635,83°01′07″W,-83.01872363
40°03′27″N,40.05752664,83°02′28″W,-83.04110351
39°54′56″N,39.91558026,83°07′11″W,-83.11961248
40°07′16″N,40.12119269,83°06′54″W,-83.11500833
39°58′50″N,39.98066621,82°51′57″W,-82.86572533
40°01′39″N,40.02763095,82°56′25″W,-82.94021747
39°53′59″N,39.90000404,82°44′05″W,-82.73465866
40°05′25″N,40.09041657,82°52′53″W,-82.88147348
39°56′38″N,39.94393278,82°40′03″W,-82.66743646
40°01′44″N,40.02886624,82°59′28″W,-82.99122521
39°54′22″N,39.90611389,83°10′37″W,-83.17683349
39°58′25″N,39.97350915,83°12′17″W,-83.20478536
40°08′55″N,40.14859418,82°57′27″W,-82.95761496
39°56′13″N,39.93691957,82°42′40″W,-82.71109528
40°06′40″N,40.1110312,83°09′43″W,-83.16200889
39°57′17″N,39.95461362,83°01′06″W,-83.01847147
39°59′11″N,39.98636136,83°10′48″W,-83.17994064
40°03′47″N,40.06310533,83°04′57″W,-83.08244039
39°59′51″N,39.99756932,82°53′13″W,-82.88684082
40°06′54″N,40.11502451,82°57′50″W,-82.96393134
40°00′54″N,40.01499439,82°47′27″W,-82.79090669
39°58′31″N,39.9753431,82°53′01″W,-82.88349599
40°05′43″N,40.09514488,82°48′19″W,-82.80541225
40°01′59″N,40.03300249,82°46′39″W,-82.77758398
39°52′32″N,39.87546849,83°12′16″W,-83.20451145
39°59′35″N,39.99315062,82°52′22″W,-82.87276952
40°02′06″N,40.03492913,82°55′06″W,-82.91823818
40°09′41″N,40.16150149,82°43′15″W,-82.72074853
40°08′15″N,40.13738733,83°03′30″W,-83.05822185
40°07′15″N,40.12090609,82°48′42″W,-82.81164575
40°05′23″N,40.0897662,83°09′44″W,-83.16233172
40°06′16″N,40.1043949,83°08′42″W,-83.14489256
39°53′05″N,39.88485267,83°04′37″W,-83.07703553
40°04′19″N,40.07203221,82°59′51″W,-82.99743068
40°07′38″N,40.12715599,82°55′16″W,-82.92121334
39°52′41″N,39.87803458,83°01′38″W,-83.02708463
39°59′42″N,39.99492831,83°05′04″W,-83.08430765
40°06′55″N,40.11540965,82°48′18″W,-82.80488291
40°05′57″N,40.0990345,83°01′56″W,-83.03209977
40°05′21″N,40.08926943,83°11′10″W,-83.18622111
39°55′50″N,39.93054692,82°39′24″W,-82.65655168
40°02′21″N,40.03913955,82°53′34″W,-82.89264301
39°55′42″N,39.92823639,82°47′59″W,-82.79992689
39°56′41″N,39.94463874,82°53′18″W,-82.88835126
40°01′15″N,40.02078511,83°11′50″W,-83.19714436
39°59′02″N,39.98389663,83°01′42″W,-83.02833003
39°57′02″N,39.95063257,82°58′19″W,-82.97208277
40°01′02″N,40.0171403,83°11′17″W,-83.18817352
39°58′52″N,39.98122522,82°58′36″W,-82.97677034
40°02′09″N,40.0357379,83°12′17″W,-83.20475717
40°01′10″N,40.01945889,82°59′39″W,-82.99411054
40°03′05″N,40.05138088,82°53′46″W,-82.896046
39°58′44″N,39.97877631,82°50′16″W,-82.83782
39°57′54″N,39.96503081,82°55′01″W,-82.91702382
39°56′21″N,39.9392364,82°40′04″W,-82.66768343
40°06′46″N,40.11290163,82°42′57″W,-82.71592704
40°03′27″N,40.05736749,83°10′27″W,-83.17414187
39°54′19″N,39.90539416,82°46′01″W,-82.76706305
39°53′50″N,39.89719392,82°57′28″W,-82.95771803
40°02′29″N,40.04136883,83°01′32″W,-83.02543598
39°57′55″N,39.96522946,82°52′20″W,-82.87235351
39°53′10″N,39.88606284,83°01′21″W,-83.02261539
39°52′37″N,39.87691352,83°01′21″W,-83.02246142
39°58′03″N,39.96737602,83°08′51″W,-83.14738469
40°04′04″N,40.06785837,82°55′12″W,-82.92002758
40°03′56″N,40.06562032,82°44′41″W,-82.74460449
40°08′11″N,40.13634625,82°52′12″W,-82.8698919
40°09′29″N,40.15817909,83°03′15″W,-83.05407455
39°57′51″N,39.96409235,82°49′13″W,-82.82021092
40°05′59″N,40.09962669,82°59′45″W,-82.9957576
40°07′52″N,40.13097501,82°47′37″W,-82.79371867
39°56′37″N,39.94364079,82°47′57″W,-82.79929169
39°54′39″N,39.91073972,82°40′34″W,-82.67624138
40°07′15″N,40.12078178,82°53′12″W,-82.8866166
39°53′21″N,39.88929887,83°12′38″W,-83.21049171
40°00′56″N,40.01542619,82°58′01″W,-82.96690598
39°53′52″N,39.89779292,83°07′02″W,-83.11730829
39°53′46″N,39.89624306,83°10′28″W,-83.17446106
40°00′01″N,40.00040393,82°54′04″W,-82.90102616
39°54′04″N,39.90104584,82°45′03″W,-82.7509276
39°58′09″N,39.9691814,83°06′08″W,-83.10231458
40°01′45″N,40.02905619,83°10′39″W,-83.17755507
40°00′31″N,40.00850626,83°05′16″W,-83.08773078
39°54′59″N,39.91639112,83°10′30″W,-83.17513652
40°04′12″N,40.06986992,82°39′41″W,-82.66138912
40°04′40″N,40.07764138,82°47′35″W,-82.79292071
40°05′41″N,40.09481816,82°41′03″W,-82.68430183
39°57′39″N,39.9607451,82°54′36″W,-82.91011217
40°06′15″N,40.10414461,83°09′38″W,-83.16067184
40°02′13″N,40.03701492,83°09′39″W,-83.16074092
40°07′53″N,40.13142776,82°39′34″W,-82.65937652
39°59′06″N,39.98504347,82°53′42″W,-82.89503163
40°09′23″N,40.15652491,82°40′52″W,-82.68111475
40°01′51″N,40.03076719,82°46′35″W,-82.77631398
39°54′29″N,39.90803687,82°53′07″W,-82.88526282
39°55′27″N,39.92423315,82°59′45″W,-82.995811
40°02′24″N,40.03993024,82°52′54″W,-82.88161525
40°05′14″N,40.08710155,83°03′38″W,-83.06044471
39°52′42″N,39.87825213,83°04′08″W,-83.06875022
40°03′49″N,40.06364361,82°58′02″W,-82.96733491
39°58′56″N,39.98233727,83°09′34″W,-83.15954148
40°03′50″N,40.06382065,83°05′46″W,-83.09619053
40°07′54″N,40.13180006,83°02′59″W,-83.04959691
39°59′20″N,39.98900432,83°05′31″W,-83.0920506
40°05′47″N,40.09646934,83°10′45″W,-83.17903666
40°03′58″N,40.06602389,82°46′33″W,-82.77594851
40°02′35″N,40.04314262,82°54′33″W,-82.90908558
40°00′01″N,40.0002782,83°12′34″W,-83.20949765
40°04′05″N,40.06810859,83°12′24″W,-83.20659642
39°54′11″N,39.90311896,82°50′57″W,-82.84924216
39°53′12″N,39.88672955,82°42′39″W,-82.71092108
40°03′18″N,40.05489605,82°45′41″W,-82.76130382
40°03′32″N,40.0588946,83°08′08″W,-83.13558581
40°02′50″N,40.0472789,83°07′45″W,-83.12912788
39°59′54″N,39.99842305,82°43′51″W,-82.73084581
39°57′19″N,39.95535178,82°44′22″W,-82.7395745
40°00′09″N,40.00252252,83°00′30″W,-83.00841681
40°03′01″N,40.05024042,82°45′04″W,-82.75113557
39°55′26″N,39.92379288,82°46′25″W,-82.77360811
39°56′26″N,39.9404303,82°48′10″W,-82.8027581
39°54′57″N,39.91591543,83°08′45″W,-83.1458583
39°58′42″N,39.97831559,83°07′46″W,-83.12935605
39°54′41″N,39.9115116,83°08′33″W,-83.14236956
40°07′00″N,40.11664278,83°11′32″W,-83.19232875
39°54′38″N,39.91042015,82°54′54″W,-82.91507828
39°56′26″N,39.94054668,82°42′59″W,-82.71647275
39°56′19″N,39.93871664,83°01′30″W,-83.02505297
40°03′48″N,40.06335411,82°48′21″W,-82.80594474
40°07′07″N,40.11871561,83°08′51″W,-83.14756428
39°53′27″N,39.89076423,82°39′53″W,-82.66473462
40°04′32″N,40.07566296,83°08′34″W,-83.14268459
40°03′19″N,40.05525999,82°42′20″W,-82.70546395
39°56′47″N,39.94642903,82°41′02″W,-82.68388241
39°53′55″N,39.89859959,83°09′52″W,-83.16455428
39°55′48″N,39.92998766,83°09′53″W,-83.16462334
39°59′32″N,39.9921935,83°04′10″W,-83.06944532
40°07′28″N,40.12439678,83°03′28″W,-83.0577327
39°56′51″N,39.94749192,82°48′21″W,-82.80589494
40°04′55″N,40.0818195,83°02′34″W,-83.0427945
39°53′04″N,39.88435151,82°46′51″W,-82.78086478
39°59′15″N,39.98740776,82°57′46″W,-82.96283922
39°54′24″N,39.90654977,82°56′44″W,-82.9454565
39°58′50″N,39.98045752,82°45′57″W,-82.76575451
40°07′45″N,40.12913996,83°03′09″W,-83.05258654
40°06′09″N,40.10244426,83°07′48″W,-83.13003108
40°03′33″N,40.05928609,83°03′43″W,-83.06185758
40°04′18″N,40.07169966,82°45′29″W,-82.75819214
39°57′20″N,39.95541974,82°45′30″W,-82.75836595
39°52′58″N,39.88288221,82°52′40″W,-82.87767939
39°53′20″N,39.88901421,83°07′26″W,-83.1240135
40°09′11″N,40.15303798,82°49′04″W,-82.81783068
39°55′44″N,39.92900598,82°56′33″W,-82.94258939
40°06′01″N,40.10031481,82°41′03″W,-82.6840287
40°06′50″N,40.11381252,83°01′23″W,-83.02293995
40°04′40″N,40.07767667,82°55′46″W,-82.92931037
39°53′03″N,39.88417381,83°02′54″W,-83.04825871
39°59′16″N,39.98766589,83°06′10″W,-83.10280392
40°08′47″N,40.14636687,82°59′44″W,-82.99562508
40°01′58″N,40.03270421,83°07′28″W,-83.12448751
39°52′41″N,39.87818501,82°54′36″W,-82.91009738
40°02′21″N,40.03926647,82°47′12″W,-82.78656301
39°55′22″N,39.92265609,82°51′12″W,-82.85342593
40°03′17″N,40.05459667,83°03′04″W,-83.05110048
40°07′31″N,40.12517802,82°39′32″W,-82.6588475
39°54′03″N,39.90093961,82°41′31″W,-82.69206136
39°54′05″N,39.9013741,83°05′08″W,-83.0855794
39°52′33″N,39.87591217,82°40′29″W,-82.67475647
39°59′40″N,39.99450351,83°01′17″W,-83.02130956
40°02′20″N,40.03893367,82°42′58″W,-82.71607711
40°04′18″N,40.0716918,83°02′25″W,-83.04035211
39°58′03″N,39.96749433,83°00′09″W,-83.00244695
39°54′18″N,39.9050579,83°09′44″W,-83.1623059
39°52′48″N,39.87987786,82°57′35″W,-82.95963182
40°03′04″N,40.05112897,83°00′46″W,-83.01274451
40°05′06″N,40.08498172,82°39′49″W,-82.66368567
39°55′29″N,39.92476495,82°56′26″W,-82.94044711
39°58′40″N,39.97782725,82°39′57″W,-82.66596085
40°01′07″N,40.01860989,82°40′30″W,-82.67500345
40°04′10″N,40.06937864,82°53′33″W,-82.89258805
40°08′32″N,40.14223516,82°46′51″W,-82.78093968
39°53′54″N,39.8984359,82°40′45″W,-82.6792421
40°05′24″N,40.0901152,83°12′41″W,-83.21138493
39°57′49″N,39.96367446,82°52′04″W,-82.86784855
40°06′06″N,40.10158958,83°13′01″W,-83.21693641
39°59′50″N,39.99717134,83°02′16″W,-83.03769984
39°54′10″N,39.90282437,82°49′46″W,-82.82953619
40°06′48″N,40.11333042,83°12′11″W,-83.20295768
39°54′48″N,39.91322242,82°54′23″W,-82.90630301
40°03′31″N,40.0587365,82°52′33″W,-82.87581856
39°55′27″N,39.92416125,83°06′03″W,-83.1007733
39°53′26″N,39.89046758,82°58′07″W,-82.9686544
39°54′25″N,39.90706793,83°09′53″W,-83.16480776
40°06′32″N,40.10880404,83°01′58″W,-83.03270586
39°56′05″N,39.93482174,82°49′35″W,-82.82646881
39°53′57″N,39.89926522,83°02′58″W,-83.04945606
39°57′59″N,39.96630474,83°08′01″W,-83.13369358
39°55′56″N,39.93235673,83°08′32″W,-83.14235341
40°05′04″N,40.0844112,82°50′46″W,-82.84624698
40°06′23″N,40.10638024,83°08′00″W,-83.13346256
40°00′28″N,40.00776284,82°44′08″W,-82.73555902
40°00′30″N,40.0083489,82°54′24″W,-82.90653143
39°58′11″N,39.96967238,82°54′44″W,-82.91214705
40°05′36″N,40.09334217,82°49′20″W,-82.82217735
39°55′44″N,39.92900163,82°58′19″W,-82.97198947
39°53′17″N,39.8881016,82°47′21″W,-82.78905922
39°56′24″N,39.94010713,83°03′09″W,-83.05248944
40°01′16″N,40.02108431,82°40′23″W,-82.67307941
39°56′48″N,39.94656451,83°11′06″W,-83.18498334
39°56′03″N,39.93423403,83°04′06″W,-83.06825519
40°07′17″N,40.12135882,82°49′30″W,-82.82487476
40°02′59″N,40.05006273,83°01′47″W,-83.02961167
39°57′17″N,39.95470773,83°12′49″W,-83.21362782
40°05′49″N,40.09686624,82°51′58″W,-82.86615609
39°55′27″N,39.92408207,82°48′08″W,-82.80226018
40°09′15″N,40.15424649,83°05′29″W,-83.09137796
40°06′12″N,40.10333099,83°11′19″W,-83.18872866
40°08′04″N,40.13456699,82°57′13″W,-82.95359124
40°01′16″N,40.02106022,82°39′50″W,-82.66385709
39°59′01″N,39.98368392,82°53′08″W,-82.88557193
39°57′25″N,39.95707353,82°55′01″W,-82.9170653
40°01′58″N,40.03285169,83°00′31″W,-83.00852879
40°05′22″N,40.08932589,82°43′34″W,-82.72618684
40°02′09″N,40.03595971,82°55′15″W,-82.92088128
39°54′47″N,39.91304832,83°04′11″W,-83.06972743
39°55′10″N,39.91941337,82°45′17″W,-82.75473351
39°56′20″N,39.93875751,82°54′11″W,-82.9030801
39°59′22″N,39.98956863,82°48′43″W,-82.81194928
40°07′03″N,40.11737671,82°43′13″W,-82.72038524
39°55′23″N,39.9230574,82°50′27″W,-82.84085811
39°53′41″N,39.89482611,82°57′17″W,-82.9548577
39°55′47″N,39.92965937,82°43′30″W,-82.72504347
39°54′13″N,39.9035853,82°58′09″W,-82.96929077
39°57′13″N,39.95369019,83°13′28″W,-83.22440609
39°54′27″N,39.90760241,82°45′59″W,-82.76674724
39°59′14″N,39.98722593,82°57′24″W,-82.95657749
39°53′29″N,39.89136232,83°00′24″W,-83.00668749
40°04′24″N,40.07337792,82°49′04″W,-82.81787502
40°04′30″N,40.07499546,82°59′58″W,-82.99947607
40°07′01″N,40.11696834,82°56′41″W,-82.94485373
39°53′35″N,39.89316806,83°08′22″W,-83.1395158
39°59′39″N,39.99425224,82°46′37″W,-82.77697602
40°04′24″N,40.07338526,83°03′31″W,-83.05867644
39°58′43″N,39.97854469,83°09′59″W,-83.16644922
40°03′30″N,40.05827972,82°46′02″W,-82.76712653
40°00′24″N,40.00662655,82°42′38″W,-82.71041757
40°01′21″N,40.02262075,82°45′55″W,-82.76524661
39°59′51″N,39.99756277,82°41′15″W,-82.68755077
40°09′11″N,40.15306405,82°45′53″W,-82.76458706
39°58′49″N,39.98027036,83°02′45″W,-83.04590304
40°04′13″N,40.0701412,83°08′16″W,-83.13783567
40°04′12″N,40.07011935,83°01′43″W,-83.0285433
40°00′17″N,40.00484493,83°03′10″W,-83.05284939
39°57′17″N,39.95467741,83°05′24″W,-83.09007433
40°01′37″N,40.02687625,82°48′26″W,-82.80725476
40°07′27″N,40.12421166,82°48′50″W,-82.81380932
40°01′39″N,40.02750107,82°42′35″W,-82.70970493
40°01′42″N,40.02832345,83°10′39″W,-83.17740098
40°02′15″N,40.03750577,82°44′31″W,-82.74206939
40°02′31″N,40.04185857,82°56′20″W,-82.93882183
39°53′31″N,39.8920093,83°10′58″W,-83.18281859
40°03′49″N,40.063734,82°48′54″W,-82.81497535
39°54′45″N,39.91239538,83°04′30″W,-83.07501814
40°09′42″N,40.16175316,82°42′33″W,-82.70924012
40°00′16″N,40.00442828,82°42′12″W,-82.70344876
40°08′24″N,40.13993778,83°02′52″W,-83.04773546
39°55′34″N,39.9261676,82°49′50″W,-82.83061587
40°04′18″N,40.07174821,83°06′25″W,-83.10686995
40°00′08″N,40.00235771,82°55′58″W,-82.93266062
40°03′03″N,40.05088613,82°45′23″W,-82.7564878
39°54′02″N,39.90050083,82°54′39″W,-82.91073456
39°57′36″N,39.95989314,82°51′11″W,-82.85293336
39°57′28″N,39.95781229,83°11′46″W,-83.1961224
40°09′04″N,40.15121424,83°03′41″W,-83.06136093
40°08′20″N,40.13889699,83°09′26″W,-83.15719076
40°07′59″N,40.13342201,82°42′05″W,-82.70143068
39°53′28″N,39.89100654,82°44′13″W,-82.73681076
40°05′47″N,40.09632797,83°07′21″W,-83.12251226
39°52′29″N,39.87468789,83°06′11″W,-83.10315262
39°56′59″N,39.94959149,83°02′40″W,-83.0444021
40°09′19″N,40.15515293,83°06′50″W,-83.11390741
40°07′05″N,40.11799634,83°01′19″W,-83.02184266
40°02′34″N,40.04268612,83°08′51″W,-83.14737388
40°03′04″N,40.05109525,82°53′21″W,-82.88906541
39°55′39″N,39.92745165,82°52′25″W,-82.87371931
40°05′52″N,40.09791209,83°00′01″W,-83.00039303
40°04′24″N,40.07331712,82°46′55″W,-82.78190656
39°59′25″N,39.99017298,83°01′15″W,-83.02079821
39°57′02″N,39.95046928,82°49′17″W,-82.82137242
40°09′22″N,40.15617421,82°59′58″W,-82.99936065
39°56′01″N,39.93363957,82°59′10″W,-82.98613619
39°56′26″N,39.94064801,82°50′08″W,-82.83546485
39°54′50″N,39.91398216,83°07′33″W,-83.12596026
40°06′50″N,40.11398361,82°56′42″W,-82.94490034
39°53′38″N,39.89396097,83°02′41″W,-83.04485103
39°58′43″N,39.97853309,82°58′10″W,-82.96934182
40°05′22″N,40.08954428,82°45′13″W,-82.75357896
39°52′37″N,39.8769075,82°44′41″W,-82.74470063
40°04′47″N,40.07958492,83°09′17″W,-83.15480043
39°53′05″N,39.8846898,82°41′58″W,-82.69952591
40°05′09″N,40.08584906,83°13′21″W,-83.22246704
40°06′45″N,40.11247183,83°09′47″W,-83.16306536
40°06′57″N,40.1158084,83°13′07″W,-83.21868191
39°56′29″N,39.94149926,82°55′02″W,-82.91722398
39°53′47″N,39.89648414,82°43′09″W,-82.71905315
39°54′27″N,39.90746603,82°47′11″W,-82.7864421
40°01′45″N,40.02907515,82°58′15″W,-82.97073226
40°00′34″N,40.0093811,82°54′21″W,-82.90585757
40°00′43″N,40.01204122,83°12′00″W,-83.20010648
40°08′29″N,40.1414172,83°06′26″W,-83.1071642
40°02′52″N,40.04764167,82°43′18″W,-82.72164196
40°06′44″N,40.11210538,82°55′27″W,-82.92414482
40°04′31″N,40.07529386,82°41′47″W,-82.6962929
39°59′45″N,39.99590046,82°49′38″W,-82.82718489
39°56′52″N,39.94767408,82°51′40″W,-82.86114176
39°58′55″N,39.98190821,82°59′17″W,-82.98804813
40°02′39″N,40.0442999,83°07′01″W,-83.11705782
39°53′25″N,39.89019477,82°59′00″W,-82.98323719
39°53′16″N,39.8878626,82°52′44″W,-82.87879611
40°07′59″N,40.13331256,82°53′50″W,-82.89709473
40°02′35″N,40.04302263,82°47′25″W,-82.79026038
40°01′12″N,40.01989573,82°44′01″W,-82.73358613
40°01′31″N,40.02536079,83°09′45″W,-83.16261645
40°05′37″N,40.09368136,83°09′46″W,-83.16268114
40°03′55″N,40.06525194,83°08′11″W,-83.13633918
40°05′04″N,40.0843812,83°02′22″W,-83.03936598
40°08′44″N,40.14547167,82°44′22″W,-82.73933315
39°59′13″N,39.98705924,83°06′41″W,-83.11143355
39°56′23″N,39.93975178,83°00′11″W,-83.0029973
40°07′41″N,40.12795484,83°09′09″W,-83.15248647
40°02′33″N,40.04251292,82°43′48″W,-82.72995847
40°09′11″N,40.15306066,83°03′12″W,-83.05327968
40°00′33″N,40.00921347,82°51′47″W,-82.86298574
40°08′51″N,40.14754914,82°52′32″W,-82.87546506
40°03′58″N,40.06622446,82°43′40″W,-82.72765661
39°55′17″N,39.92133543,83°01′10″W,-83.0195434
40°00′51″N,40.01410477,83°12′17″W,-83.20483121
39°54′24″N,39.90661883,82°45′22″W,-82.75620774
40°05′25″N,40.09036609,82°56′31″W,-82.941851
39°56′04″N,39.93453838,83°04′31″W,-83.07539905
40°00′17″N,40.00459459,83°04′37″W,-83.076843
40°07′22″N,40.12264646,82°58′58″W,-82.98267734
40°01′07″N,40.01852655,82°48′48″W,-82.81328861
39°56′48″N,39.94666657,82°44′38″W,-82.7437547
39°56′46″N,39.94599837,82°59′18″W,-82.98836973
40°00′05″N,40.00128597,82°53′52″W,-82.89791618
40°04′43″N,40.07847229,82°51′23″W,-82.85641749
39°57′11″N,39.95297733,82°59′25″W,-82.99023918
40°08′44″N,40.14547465,83°06′27″W,-83.10752525
40°08′15″N,40.13746935,82°57′45″W,-82.96260793
40°07′53″N,40.13148556,82°45′14″W,-82.75376973
40°09′12″N,40.15324817,82°42′21″W,-82.70588209
40°02′25″N,40.04026993,83°02′49″W,-83.04694957
39°58′28″N,39.97454859,82°50′52″W,-82.84777847
39°54′19″N,39.90515751,83°04′06″W,-83.06820334
40°02′40″N,40.04456931,83°00′37″W,-83.01018077
40°08′12″N,40.13671002,82°41′22″W,-82.68947691
40°07′50″N,40.13044537,82°45′10″W,-82.75279736
39°58′18″N,39.97172333,83°08′43″W,-83.14533566
39°52′45″N,39.87929429,82°56′49″W,-82.94686048
39°54′25″N,39.90706077,83°05′24″W,-83.08987399
39°53′39″N,39.89405689,82°43′17″W,-82.72136492
39°55′07″N,39.91860348,82°40′43″W,-82.67856459
39°53′55″N,39.89852827,83°10′12″W,-83.16999659
40°04′31″N,40.07525554,83°00′12″W,-83.00322218
39°56′05″N,39.93471999,83°09′46″W,-83.16263964
40°09′23″N,40.15646012,82°48′28″W,-82.80764879
40°01′58″N,40.03285227,82°54′20″W,-82.90548857
39°58′41″N,39.97816004,83°10′26″W,-83.17388745
39°59′26″N,39.99068072,82°56′20″W,-82.93882931
40°06′30″N,40.1084074,83°05′32″W,-83.09209505
40°04′53″N,40.08140894,82°58′40″W,-82.97781475
39°53′09″N,39.88589633,83°11′01″W,-83.18364805
40°04′51″N,40.08091598,82°58′11″W,-82.96958711
39°57′55″N,39.96539154,82°54′08″W,-82.9021207
39°55′03″N,39.91755068,83°11′46″W,-83.19611546
40°06′14″N,40.10396789,82°41′48″W,-82.6966209
39°55′15″N,39.92089074,83°10′28″W,-83.17438815
40°00′25″N,40.00682914,82°39′44″W,-82.66221419
39°55′52″N,39.93121394,83°08′32″W,-83.14221189
39°55′13″N,39.92039518,83°10′24″W,-83.17328155
40°02′21″N,40.03914388,83°09′42″W,-83.16175866
39°56′45″N,39.94596951,82°58′00″W,-82.96670871
39°53′59″N,39.89981113,82°57′53″W,-82.96468441
40°09′07″N,40.15202386,83°05′10″W,-83.08601943
40°02′45″N,40.04571875,82°41′19″W,-82.68863299
40°00′20″N,40.00542766,82°42′43″W,-82.71201398
40°04′45″N,40.07903444,82°57′56″W,-82.96547325
39°54′23″N,39.90648227,82°43′56″W,-82.7322783
39°57′25″N,39.95682421,82°53′24″W,-82.89007461
40°01′04″N,40.01779806,82°40′19″W,-82.67185236
40°07′45″N,40.12919093,83°07′39″W,-83.12743867
39°53′45″N,39.8958489,82°46′39″W,-82.77752889
39°55′29″N,39.92484217,82°40′03″W,-82.66756554
39°59′19″N,39.98857557,82°40′29″W,-82.6748159
40°03′05″N,40.05136009,83°09′00″W,-83.14992902
40°06′56″N,40.11558418,82°46′23″W,-82.77298286
39°58′38″N,39.97721232,83°05′58″W,-83.09937163
40°09′36″N,40.16000236,83°08′16″W,-83.13764008
40°03′25″N,40.05700353,82°48′32″W,-82.80879723
40°07′46″N,40.12937003,82°51′54″W,-82.8650771
39°52′29″N,39.8747328,82°45′21″W,-82.75573888
39°53′13″N,39.88691491,82°49′24″W,-82.82331161
40°04′24″N,40.07325159,82°44′10″W,-82.73601704
39°56′33″N,39.94240246,82°41′10″W,-82.68600356
39°53′14″N,39.88711941,83°06′59″W,-83.11637274
40°06′23″N,40.10643693,82°51′13″W,-82.85372634
39°52′48″N,39.88001219,82°49′25″W,-82.82351952
40°08′32″N,40.14227216,83°04′06″W,-83.0683392
40°05′09″N,40.08584854,82°52′01″W,-82.86694024
40°08′14″N,40.13718186,82°39′14″W,-82.65379694
40°01′30″N,40.02509883,82°49′17″W,-82.82131749
40°00′41″N,40.01143281,82°43′28″W,-82.72447844
39°58′00″N,39.96676871,82°49′16″W,-82.82109297
40°07′50″N,40.13052415,82°47′59″W,-82.7998892
39°53′41″N,39.89464707,82°40′23″W,-82.67292903
39°55′48″N,39.93001847,83°07′31″W,-83.12533052
40°05′39″N,40.09418679,82°51′22″W,-82.85611766
40°00′59″N,40.01626003,83°12′46″W,-83.2127674
39°53′11″N,39.88631881,83°02′28″W,-83.04124572
40°02′07″N,40.03530346,82°46′49″W,-82.78037142
40°07′05″N,40.11794412,82°46′24″W,-82.77328068
40°03′49″N,40.0636865,82°48′49″W,-82.81373524
39°57′32″N,39.95888229,83°06′42″W,-83.1116101
39°56′50″N,39.94726589,82°52′04″W,-82.8676867
39°55′51″N,39.93073905,83°11′40″W,-83.19431311
39°59′03″N,39.98423191,82°41′36″W,-82.69343256
40°05′56″N,40.09886426,82°50′56″W,-82.84881155
40°00′43″N,40.01190323,82°44′30″W,-82.7417076
40°07′43″N,40.12856927,83°02′46″W,-83.04597373
39°53′30″N,39.89164394,82°56′30″W,-82.94155314
39°56′05″N,39.9348098,82°53′07″W,-82.88520131
40°02′24″N,40.03986484,83°01′55″W,-83.03181654
40°02′54″N,40.04838856,82°56′52″W,-82.94763965
40°00′23″N,40.00642558,82°49′46″W,-82.82947298
39°53′09″N,39.88572669,83°06′29″W,-83.10817041
40°04′09″N,40.0692717,82°50′49″W,-82.84707719
39°59′27″N,39.99077866,82°42′28″W,-82.70770734
40°07′45″N,40.12918515,82°45′32″W,-82.75887244
39°57′20″N,39.95544555,83°10′43″W,-83.17853962
39°59′55″N,39.99867081,83°03′06″W,-83.05159252
40°00′49″N,40.01371734,82°56′26″W,-82.94044431
39°57′41″N,39.96152754,83°08′01″W,-83.13359265
40°05′01″N,40.08370767,83°05′15″W,-83.08751175
40°08′35″N,40.14307088,83°08′04″W,-83.13431612
39°57′55″N,39.96514946,83°12′41″W,-83.21141397
40°07′13″N,40.12018472,82°58′12″W,-82.96998367
39°59′46″N,39.99624793,83°02′29″W,-83.04146533
40°07′44″N,40.12884898,83°00′58″W,-83.0160224
39°56′12″N,39.93672018,83°00′17″W,-83.00461682
40°03′46″N,40.06285279,82°58′50″W,-82.9806872
40°04′19″N,40.07189034,83°12′01″W,-83.20018055
40°07′56″N,40.13234708,83°07′12″W,-83.12000714
40°06′31″N,40.10858765,82°41′56″W,-82.69888952
40°02′55″N,40.04850095,82°46′12″W,-82.76986556
40°05′14″N,40.08728277,82°52′34″W,-82.8760757
39°54′43″N,39.91200394,83°12′18″W,-83.2050302
39°55′06″N,39.91833344,82°54′54″W,-82.91497111
40°00′30″N,40.00843798,82°42′05″W,-82.70134927
40°07′42″N,40.12836288,82°58′52″W,-82.98119249
40°06′44″N,40.11223971,83°01′52″W,-83.03108121
40°09′13″N,40.15360837,82°47′49″W,-82.79681972
40°06′52″N,40.11440924,82°39′34″W,-82.65933921
40°01′51″N,40.03072596,83°03′09″W,-83.05246689
39°54′55″N,39.91522502,82°59′03″W,-82.98409156
39°57′55″N,39.96527052,83°00′21″W,-83.0057703
40°03′41″N,40.06132811,83°02′17″W,-83.03792522
39°59′33″N,39.99256007,82°39′14″W,-82.65385611
39°58′57″N,39.98246427,82°50′04″W,-82.83431913
40°00′06″N,40.00174582,83°12′06″W,-83.20169641
40°09′33″N,40.15929068,82°59′30″W,-82.99179274
40°03′12″N,40.05332241,83°03′09″W,-83.05249264
40°08′45″N,40.14576281,83°07′29″W,-83.12467567
39°56′25″N,39.9402773,83°12′33″W,-83.20915183
39°59′23″N,39.98961974,83°12′26″W,-83.20709449
40°02′38″N,40.04390841,82°49′28″W,-82.82445299
40°00′53″N,40.01461033,83°04′10″W,-83.06940444
40°07′56″N,40.13234434,82°49′38″W,-82.827259
40°00′27″N,40.00737246,82°53′44″W,-82.89559731
40°00′59″N,40.01658746,82°45′31″W,-82.75862763
40°04′05″N,40.06801198,83°07′11″W,-83.11981052
40°09′26″N,40.15724076,83°02′03″W,-83.03409954
40°07′42″N,40.12836834,82°39′18″W,-82.65512236
39°57′49″N,39.96347725,82°49′52″W,-82.83099476
40°01′51″N,40.03094987,82°43′23″W,-82.72313369
39°54′08″N,39.90221323,82°59′30″W,-82.99161611
40°08′29″N,40.14137474,82°48′41″W,-82.81150809
40°01′16″N,40.02101074,82°51′21″W,-82.85575362
40°06′08″N,40.10226344,83°01′23″W,-83.02305466
39°53′21″N,39.88921867,83°00′11″W,-83.00304045
40°02′48″N,40.04661366,82°44′43″W,-82.74537561
39°56′18″N,39.93841333,83°03′18″W,-83.05504621
39°55′21″N,39.92245254,83°06′04″W,-83.10121857
40°00′45″N,40.01241045,82°52′50″W,-82.88062841
40°06′48″N,40.11335976,82°46′45″W,-82.77921483
39°56′15″N,39.93746335,82°49′13″W,-82.82022959
39°57′11″N,39.95292737,82°53′18″W,-82.88843649
39°59′06″N,39.98492665,83°11′51″W,-83.19761038
39°53′20″N,39.88879046,82°43′14″W,-82.72065149
40°06′57″N,40.11570533,83°04′18″W,-83.07160795
39°55′33″N,39.92586516,83°05′49″W,-83.09698404
40°03′07″N,40.0519352,82°59′47″W,-82.99644391
40°04′29″N,40.07464739,82°57′52″W,-82.96444215
39°57′15″N,39.95424606,82°59′42″W,-82.9949418
40°05′25″N,40.09018278,82°54′27″W,-82.90756214
40°00′29″N,40.00811043,83°01′38″W,-83.02725619
40°08′34″N,40.14273577,82°59′07″W,-82.98523315
40°09′06″N,40.151705,83°09′07″W,-83.15206962
39°56′28″N,39.940989,82°53′18″W,-82.88822964
40°00′59″N,40.01668631,82°53′34″W,-82.89281135
40°00′03″N,40.00090115,83°10′04″W,-83.16764577
39°55′17″N,39.921313,82°45′34″W,-82.7593962
39°53′47″N,39.89640677,82°55′52″W,-82.9310845
40°00′50″N,40.01394071,83°12′31″W,-83.20861316
39°56′08″N,39.93565692,83°02′58″W,-83.04931557
39°52′52″N,39.88120195,83°05′59″W,-83.09972002
39°59′59″N,39.99969696,83°12′41″W,-83.21142877
39°54′07″N,39.90192995,83°07′29″W,-83.12472671
39°54′33″N,39.90917759,82°51′14″W,-82.85392734
39°58′05″N,39.96793449,83°13′00″W,-83.21664701
39°55′27″N,39.92425829,82°39′59″W,-82.66648961
39°59′25″N,39.99029893,83°13′04″W,-83.21782486
39°55′59″N,39.9332825,83°10′49″W,-83.18023206
39°56′41″N,39.94459103,82°50′42″W,-82.8449548
39°59′43″N,39.99518422,83°07′16″W,-83.12116876
39°57′23″N,39.95631949,83°00′57″W,-83.01591322
40°09′20″N,40.15563698,82°46′44″W,-82.77893104
40°00′22″N,40.00610503,83°06′18″W,-83.10510131
39°57′14″N,39.95376702,82°45′53″W,-82.76473642
40°07′15″N,40.1209355,82°49′53″W,-82.83150149
40°06′19″N,40.10526514,82°59′56″W,-82.99897519
40°04′52″N,40.08118298,82°49′59″W,-82.83330655
39°54′09″N,39.90253088,82°39′17″W,-82.65475231
40°08′02″N,40.13399789,83°09′21″W,-83.15595681
39°53′54″N,39.89840512,82°51′14″W,-82.85400959
40°01′30″N,40.02495576,82°55′33″W,-82.92584388
40°04′15″N,40.07086013,82°40′39″W,-82.67756938
40°03′22″N,40.05599355,82°42′24″W,-82.70668566
40°03′23″N,40.05651083,83°03′19″W,-83.05518278
39°59′17″N,39.98818913,82°58′19″W,-82.97185075
40°02′56″N,40.04889688,82°48′47″W,-82.8130837
40°03′12″N,40.05329087,83°11′47″W,-83.19652447
39°56′10″N,39.93600991,83°10′13″W,-83.17019666
40°03′36″N,40.06007055,83°05′47″W,-83.0962535
39°55′31″N,39.92520445,82°45′39″W,-82.76077345
40°06′06″N,40.10159521,83°04′19″W,-83.07204642
40°06′34″N,40.10937559,82°56′11″W,-82.93639046
40°09′21″N,40.15586149,82°44′51″W,-82.74754135
39°54′47″N,39.91292128,83°09′43″W,-83.16199185
40°06′22″N,40.10620214,82°54′03″W,-82.90091569
39°58′13″N,39.97022741,83°08′24″W,-83.14011737
39°52′47″N,39.87964473,82°51′39″W,-82.86075044
39°54′22″N,39.90613936,83°07′41″W,-83.1281002
40°08′09″N,40.13580544,83°07′34″W,-83.12603749
40°02′20″N,40.03882808,82°56′31″W,-82.94208104
39°56′51″N,39.94749911,82°46′19″W,-82.77181706
39°56′12″N,39.93679313,83°12′25″W,-83.20690794
40°03′37″N,40.06017275,83°07′24″W,-83.12344522
40°08′37″N,40.14360875,82°43′41″W,-82.72800954
39°59′55″N,39.99864165,82°43′50″W,-82.73043525
39°54′34″N,39.90936139,83°11′17″W,-83.18817816
40°03′55″N,40.06525091,82°53′35″W,-82.89301336
40°08′04″N,40.13431841,82°48′02″W,-82.80062923
40°03′22″N,40.05600114,82°51′53″W,-82.86460273
40°09′41″N,40.16132405,82°43′46″W,-82.72940447
40°01′41″N,40.02797085,82°41′28″W,-82.69102391
39°58′08″N,39.96892264,82°47′32″W,-82.79225995
40°05′39″N,40.09418918,82°55′18″W,-82.92179735
39°54′22″N,39.90601052,83°02′17″W,-83.03817147
40°03′43″N,40.0618951,82°52′12″W,-82.86987157
40°03′05″N,40.05143217,82°50′55″W,-82.8485921
40°08′01″N,40.13364276,83°12′48″W,-83.21346207
40°09′06″N,40.15155651,82°45′51″W,-82.76410124
40°07′46″N,40.12934138,82°59′10″W,-82.98599978
40°07′13″N,40.12039025,82°40′44″W,-82.67899252
40°07′57″N,40.13247377,82°51′50″W,-82.86381311
40°04′08″N,40.06899,82°47′23″W,-82.78979738
39°58′20″N,39.97223879,83°07′07″W,-83.11847426
40°06′30″N,40.10824643,82°57′58″W,-82.96621056
40°08′13″N,40.1369945,83°11′25″W,-83.19041233
39°55′02″N,39.91718593,82°54′14″W,-82.90395434
40°06′52″N,40.11458182,83°04′25″W,-83.07366928
40°06′41″N,40.11135607,82°55′37″W,-82.92692782
40°04′09″N,40.06908697,82°57′43″W,-82.96193728
40°00′40″N,40.01111648,83°11′38″W,-83.19402325
39°58′28″N,39.9745752,82°51′17″W,-82.85477319
40°05′46″N,40.09606919,82°52′56″W,-82.88210994
40°09′37″N,40.16018526,82°39′48″W,-82.66320004
40°07′04″N,40.11772375,83°12′42″W,-83.21177933
40°05′27″N,40.09072968,83°02′05″W,-83.03463246
39°55′04″N,39.91775073,83°02′28″W,-83.04112055
39°57′47″N,39.96299074,82°48′20″W,-82.80546993
40°05′43″N,40.0951714,82°42′05″W,-82.70146545
39°57′53″N,39.96472888,83°03′12″W,-83.05330587
39°58′37″N,39.97706773,83°06′25″W,-83.10681051
40°03′07″N,40.05207695,83°03′28″W,-83.05777588
39°55′55″N,39.93201649,83°13′04″W,-83.217821
40°07′59″N,40.1329231,82°53′41″W,-82.89474627
39°59′16″N,39.98783684,82°51′52″W,-82.86434624
39°54′15″N,39.9041658,83°05′19″W,-83.08867345
39°55′58″N,39.9327697,82°40′16″W,-82.671202
39°56′06″N,39.93510069,83°09′12″W,-83.15338501
40°08′49″N,40.14689511,82°58′10″W,-82.96942952
39°53′03″N,39.88419002,82°44′47″W,-82.7463268
40°02′09″N,40.03583044,82°41′19″W,-82.68859535
40°02′31″N,40.04186982,83°06′25″W,-83.10681047
40°08′13″N,40.136848,83°04′26″W,-83.07381726
40°01′15″N,40.02093207,82°58′03″W,-82.96743557
40°00′50″N,40.01378448,82°46′27″W,-82.77413972
39°53′18″N,39.88837036,83°12′22″W,-83.20616098
40°06′16″N,40.10439697,82°59′03″W,-82.98426517
40°06′09″N,40.10238567,82°56′42″W,-82.945128
40°04′26″N,40.07390087,83°02′13″W,-83.0370602
40°02′22″N,40.0394145,82°42′46″W,-82.71285076
39°56′19″N,39.93867881,83°03′17″W,-83.05469166
39°57′04″N,39.9511786,82°57′01″W,-82.9501935
40°08′47″N,40.14643204,82°45′18″W,-82.75511568
40°04′43″N,40.07851361,83°04′24″W,-83.07326133
39°55′22″N,39.92282396,83°12′08″W,-83.20231337
39°54′56″N,39.91548909,83°01′49″W,-83.03029123
40°08′10″N,40.13620682,82°43′19″W,-82.72204708
40°04′55″N,40.08185409,83°11′11″W,-83.18649778
40°00′52″N,40.01446075,82°59′41″W,-82.994853
40°07′34″N,40.12607242,82°53′08″W,-82.88556703
40°06′56″N,40.11550255,82°53′32″W,-82.89230908
40°06′30″N,40.1083802,82°55′06″W,-82.91821897
40°01′34″N,40.02613984,83°07′03″W,-83.11743603
39°54′08″N,39.90231865,83°12′53″W,-83.21475078
40°00′25″N,40.00689505,83°12′31″W,-83.2086577
40°04′27″N,40.07415905,82°55′28″W,-82.92442929
40°08′04″N,40.13444634,82°55′49″W,-82.93016201
40°07′45″N,40.12921172,82°48′59″W,-82.81649006
40°04′54″N,40.08180059,83°01′59″W,-83.03344266
39°56′56″N,39.94878163,82°44′58″W,-82.74936673
40°05′26″N,40.09060662,83°12′15″W,-83.20426787
39°54′57″N,39.91595548,82°47′31″W,-82.79197654
39°53′08″N,39.88568065,82°39′46″W,-82.66280279
40°09′20″N,40.15550997,82°48′48″W,-82.81327931
40°05′02″N,40.08391728,82°54′02″W,-82.90063828
39°57′54″N,39.96496776,83°06′13″W,-83.10365612
39°55′13″N,39.92020274,82°52′46″W,-82.87935707
40°02′06″N,40.03507734,83°12′44″W,-83.21216882
39°58′37″N,39.97690115,83°00′49″W,-83.01356421
40°01′43″N,40.02863308,82°44′43″W,-82.7452955
40°06′11″N,40.10301843,82°50′31″W,-82.84198129
40°02′15″N,40.03758811,82°58′59″W,-82.98303972
40°08′05″N,40.13459271,82°51′31″W,-82.85859471
40°02′31″N,40.04183893,82°39′29″W,-82.65810355
40°05′09″N,40.0858729,82°57′26″W,-82.95728159
39°56′05″N,39.93464261,83°03′18″W,-83.05490086
40°05′43″N,40.09521043,82°43′18″W,-82.72159925
40°01′30″N,40.02496663,83°13′14″W,-83.22065295
40°05′46″N,40.09622389,83°05′16″W,-83.08767139
40°06′22″N,40.10604145,83°08′54″W,-83.14845926
39°56′23″N,39.93971224,83°10′39″W,-83.17754501
40°00′51″N,40.01428617,83°13′21″W,-83.22248957
40°05′15″N,40.08737247,83°04′09″W,-83.06918697
39°55′10″N,39.91931808,83°02′55″W,-83.04870111
39°54′49″N,39.91374251,82°46′44″W,-82.7788819
40°00′25″N,40.00682539,83°08′21″W,-83.13929337
40°08′41″N,40.14470606,83°06′59″W,-83.11630965
40°04′06″N,40.06843767,83°13′34″W,-83.22599476
39°55′42″N,39.92832488,82°52′10″W,-82.86938884
39°55′53″N,39.93126902,82°50′47″W,-82.84646393
39°59′22″N,39.989331,82°56′11″W,-82.93646728
40°06′04″N,40.1009997,83°02′46″W,-83.04600156
39°56′31″N,39.94192424,82°55′51″W,-82.93071747
39°58′11″N,39.96975283,83°13′19″W,-83.22207868
40°07′08″N,40.11877716,83°10′27″W,-83.17418272
40°00′05″N,40.00131093,82°52′36″W,-82.87679049
39°53′02″N,39.88390104,83°05′39″W,-83.09406842
40°05′00″N,40.08331187,83°07′11″W,-83.11974845
40°00′13″N,40.00369193,83°05′30″W,-83.09153935
40°06′12″N,40.10321406,82°55′23″W,-82.92299372
39°53′55″N,39.89858798,82°41′00″W,-82.68337838
40°07′21″N,40.12248585,82°43′56″W,-82.73235714
39°57′39″N,39.9607177,82°49′30″W,-82.82512528
39°59′04″N,39.98447949,83°00′23″W,-83.0063341
39°56′47″N,39.94636344,82°45′58″W,-82.76616787
40°05′03″N,40.08412736,82°51′41″W,-82.86137128
40°03′31″N,40.0585754,82°45′13″W,-82.75352496
40°03′54″N,40.06499444,83°08′42″W,-83.14490878
40°00′48″N,40.01344067,83°06′21″W,-83.10570996
39°58′20″N,39.9723073,83°06′35″W,-83.10961264
39°55′13″N,39.92034484,82°52′59″W,-82.88304828
39°53′10″N,39.88598046,82°50′31″W,-82.84187886
40°09′27″N,40.15762576,82°57′51″W,-82.96413132
39°53′26″N,39.89053191,82°51′17″W,-82.8547132
40°02′01″N,40.03368838,82°52′56″W,-82.88212153
39°57′21″N,39.9557313,82°47′24″W,-82.78997604
39°55′10″N,39.9195178,83°07′12″W,-83.11987682
40°02′25″N,40.04028385,83°00′22″W,-83.00610963
39°59′30″N,39.99170494,83°05′50″W,-83.09711645
39°59′37″N,39.99348597,82°45′45″W,-82.7624517
39°52′56″N,39.88210524,82°42′16″W,-82.70438581
40°09′39″N,40.16070784,82°57′59″W,-82.96638343
40°01′51″N,40.0307041,83°07′51″W,-83.13079196
39°53′40″N,39.89445026,83°06′59″W,-83.11657863
40°03′26″N,40.05735344,82°58′24″W,-82.97339881
40°08′51″N,40.14763705,82°39′31″W,-82.65851833
39°52′33″N,39.87596141,82°58′34″W,-82.97610578
40°03′57″N,40.06582512,83°05′29″W,-83.09137995
39°55′18″N,39.92171174,82°58′28″W,-82.97434681
40°00′40″N,40.01117792,82°45′36″W,-82.76001047
39°57′32″N,39.95888736,83°03′48″W,-83.06336553
39°55′21″N,39.922531,83°00′27″W,-83.00754137
40°03′33″N,40.05930143,82°44′50″W,-82.74713534
40°04′02″N,40.06725996,82°43′09″W,-82.71905078
40°00′37″N,40.01040866,82°50′04″W,-82.83445722
39°59′40″N,39.9945167,83°10′48″W,-83.18013844
40°04′07″N,40.06858586,82°51′35″W,-82.85962204
40°00′28″N,40.00783617,83°01′48″W,-83.02989437
40°08′19″N,40.13867515,82°48′20″W,-82.80565014
39°59′07″N,39.98539851,83°10′04″W,-83.1677334
39°56′20″N,39.93896269,83°08′51″W,-83.14741352
40°06′51″N,40.11403167,82°52′40″W,-82.87777772
39°54′34″N,39.90936487,83°04′19″W,-83.07190105
39°52′36″N,39.8766911,82°43′05″W,-82.71804328
39°58′51″N,39.98084784,83°00′09″W,-83.00241144
40°08′48″N,40.14666032,83°04′54″W,-83.08156816
39°59′45″N,39.99589431,82°52′01″W,-82.86704707
40°06′28″N,40.10782225,82°50′28″W,-82.84104684
39°57′02″N,39.95056722,82°57′12″W,-82.95334815
39°53′11″N,39.88628808,82°40′57″W,-82.68241788
40°09′06″N,40.15175505,82°48′29″W,-82.80819339
40°04′57″N,40.08255566,82°48′18″W,-82.80504012
39°56′08″N,39.93560596,82°47′12″W,-82.78673583
39°52′41″N,39.87794989,82°45′31″W,-82.75860066
39°53′59″N,39.89969102,83°06′09″W,-83.10238839
40°03′08″N,40.05230947,83°09′45″W,-83.16242706
39°55′46″N,39.92954144,83°06′09″W,-83.10243249
40°05′37″N,40.09353523,82°42′17″W,-82.70485268
40°09′22″N,40.15597313,82°42′58″W,-82.71618605
40°07′57″N,40.13256289,82°42′10″W,-82.70265512
39°59′37″N,39.99352581,83°01′22″W,-83.02283436
39°54′15″N,39.9042592,83°09′36″W,-83.15992815
39°57′07″N,39.95196706,82°41′21″W,-82.68905275
40°03′21″N,40.05587251,82°55′14″W,-82.92045537
39°54′37″N,39.910267,83°07′48″W,-83.13003482
40°04′47″N,40.07975691,83°05′40″W,-83.09451246
40°04′16″N,40.07123543,83°08′10″W,-83.13604988
39°59′02″N,39.98382662,82°48′52″W,-82.81448643
39°57′37″N,39.96041637,82°48′28″W,-82.80791289
40°01′22″N,40.02265093,83°13′34″W,-83.22611556
40°03′37″N,40.0602429,82°46′19″W,-82.77182768
40°06′33″N,40.10905257,82°57′50″W,-82.96387565
40°01′31″N,40.02519043,82°57′15″W,-82.95424024
39°57′34″N,39.95955311,83°07′28″W,-83.124307
39°58′27″N,39.97417566,82°43′59″W,-82.73312028
39°57′39″N,39.96070416,82°48′20″W,-82.80544254
39°53′39″N,39.89417879,82°43′00″W,-82.71659579
40°09′21″N,40.15570741,83°09′58″W,-83.16608945
40°01′10″N,40.01946997,82°47′34″W,-82.79275158
40°08′19″N,40.13860274,82°55′04″W,-82.91781385
39°55′41″N,39.92817252,82°51′59″W,-82.86646556
40°03′21″N,40.055888,83°11′10″W,-83.18604075
39°57′56″N,39.96558217,83°02′52″W,-83.04788672
40°01′32″N,40.02553124,83°10′58″W,-83.18269814
40°07′21″N,40.12247625,83°12′53″W,-83.21473364
40°01′45″N,40.02909264,82°45′26″W,-82.75711878
39°53′59″N,39.89962631,82°53′54″W,-82.89840132
40°09′04″N,40.15097451,83°01′16″W,-83.02115017
39°58′54″N,39.98159705,82°52′11″W,-82.86965477
39°59′39″N,39.9942061,83°12′20″W,-83.20545333
39°55′18″N,39.92162425,82°49′12″W,-82.82006883
39°55′34″N,39.92602697,82°48′49″W,-82.81370818
39°58′56″N,39.98212056,83°06′19″W,-83.10516159
40°02′03″N,40.03403132,82°39′21″W,-82.65574263
40°07′19″N,40.12207825,83°12′04″W,-83.20123745
39°57′40″N,39.96098096,82°59′08″W,-82.98547195
39°54′51″N,39.91413812,83°11′20″W,-83.18885602
40°02′42″N,40.04512703,83°06′01″W,-83.10039949
40°01′40″N,40.02764657,82°44′13″W,-82.7370555
39°53′06″N,39.88497719,83°09′14″W,-83.15376714
40°01′15″N,40.02071187,82°46′12″W,-82.76993545
40°05′18″N,40.08819546,82°52′04″W,-82.86771736
40°03′31″N,40.05863113,82°51′35″W,-82.85978217
39°58′19″N,39.97186906,82°39′53″W,-82.66461139
39°59′04″N,39.9843122,83°01′27″W,-83.02403683
40°09′21″N,40.15594068,82°58′08″W,-82.96875899
39°52′45″N,39.87916994,82°40′22″W,-82.67266921
40°01′30″N,40.02489493,83°12′04″W,-83.2011929
40°00′35″N,40.00983389,82°57′59″W,-82.96648289
40°08′27″N,40.1408863,82°58′39″W,-82.97750902
40°01′26″N,40.02396295,83°07′35″W,-83.12650379
40°08′21″N,40.1390969,83°09′17″W,-83.15467538
40°04′16″N,40.0710142,83°08′39″W,-83.14424667
39°53′43″N,39.89520405,82°50′38″W,-82.84392374
40°02′55″N,40.04854256,82°56′52″W,-82.94771439
39°52′53″N,39.88146681,83°08′27″W,-83.14077651
39°59′17″N,39.98806914,83°00′28″W,-83.0076942
40°06′28″N,40.10770632,82°42′11″W,-82.70295983
39°53′06″N,39.8849612,82°48′56″W,-82.81545284
39°58′57″N,39.98255009,82°45′17″W,-82.75482325
40°04′31″N,40.07531189,82°49′14″W,-82.82059642
40°02′39″N,40.04403307,83°11′08″W,-83.18542467
39°54′40″N,39.9110445,83°00′33″W,-83.00913506
40°02′02″N,40.03379865,82°49′05″W,-82.81797021
40°01′51″N,40.03073067,83°05′03″W,-83.08412569
40°04′59″N,40.08316317,82°41′36″W,-82.69345588
40°05′14″N,40.08726548,82°41′57″W,-82.69909336
40°01′54″N,40.03173765,82°46′33″W,-82.77596753
39°57′50″N,39.96383323,83°09′59″W,-83.16650168
39°59′42″N,39.99493709,83°12′17″W,-83.20459815
40°01′27″N,40.02412193,82°52′13″W,-82.87030567
40°06′09″N,40.10244099,83°12′33″W,-83.20911392
40°01′06″N,40.01820399,82°44′14″W,-82.73720592
40°09′04″N,40.15099516,82°44′43″W,-82.7453677
40°03′52″N,40.06445298,82°39′53″W,-82.66464443
40°00′39″N,40.01093293,82°47′49″W,-82.79700722
39°55′45″N,39.92916244,82°42′40″W,-82.71121693
40°00′12″N,40.00320008,83°10′37″W,-83.17698358
39°53′21″N,39.88921819,83°12′13″W,-83.20356035
40°09′19″N,40.15519199,82°59′25″W,-82.99029845
40°05′02″N,40.08393035,83°05′45″W,-83.09571317
39°57′40″N,39.96116794,82°59′05″W,-82.98476654
40°02′51″N,40.04739722,83°11′38″W,-83.19382415
39°56′31″N,39.94196941,82°55′30″W,-82.92504705
39°57′43″N,39.96199357,82°51′36″W,-82.86013496
