time,userid,id,lat,lngtime,userid,id,lat,lngtime,userid,id,lat,lngtime,userid,id,lat,lngtime,userid,id,lat,lngSat Feb 09 02:58:08 +0000 2019,53079714,1094067898518261760,40.00616261,-82.91288452
time,userid,id,lat,lngSat Feb 09 02:58:08 +0000 2019,53079714,1094067898518261760,40.00616261,-82.91288452
Sat Feb 09 02:48:36 +0000 2019,53079714,1094065500689186816,40.006525,-82.91172
Fri Feb 08 20:30:14 +0000 2019,930775286,1093970281452978176,40.01299,-82.90205
Fri Feb 08 19:55:39 +0000 2019,930775286,1093961579018838016,40.01299,-82.90205
Fri Feb 08 19:36:47 +0000 2019,930775286,1093956828004843520,40.01299,-82.90205
Fri Feb 08 19:36:12 +0000 2019,930775286,1093956683951497221,40.01299,-82.90205
Tue Feb 05 13:31:39 +0000 2019,930775286,1092777777349230592,40.01299,-82.90205
Fri Feb 01 16:30:58 +0000 2019,930775286,1091373351711526917,40.01299,-82.90205
Fri Feb 01 15:25:40 +0000 2019,930775286,1091356917685981186,40.01299,-82.90205
Sun Feb 10 17:11:12 +0000 2019,140898947,1094644966180085761,40.03068712,-82.87641177
Thu Feb 07 19:04:07 +0000 2019,21479634,1093586220884488193,40.0388765,-82.8748301
Sat Feb 02 19:25:44 +0000 2019,21195890,1091779722013360129,40.0388765,-82.8748301
Sat Feb 02 16:30:46 +0000 2019,23473569,1091735687504654336,40.0388765,-82.8748301
Fri Feb 01 16:50:28 +0000 2019,71721845,1091378257369346049,40.0388765,-82.8748301
Sun Feb 10 04:15:26 +0000 2019,2171003029,1094449739242717185,39.95508574,-82.93683215
Fri Feb 08 23:56:04 +0000 2019,90438864,1094022081212231680,39.9428479,-82.9430089
Fri Feb 08 14:49:57 +0000 2019,930775286,1093884644095873024,39.94838,-82.94353
Fri Feb 08 14:49:24 +0000 2019,930775286,1093884505146957824,39.94838,-82.94353
Fri Feb 08 12:57:06 +0000 2019,930775286,1093856245134647296,39.94838,-82.94353
Fri Feb 08 12:54:09 +0000 2019,930775286,1093855503216791553,39.94838,-82.94353
Fri Feb 08 12:53:01 +0000 2019,930775286,1093855219362996225,39.94838,-82.94353
Sun Feb 03 16:23:37 +0000 2019,43412584,1092096280073916417,39.94859234,-82.94192653
Sat Feb 02 15:22:04 +0000 2019,1546143998,1091718402530410498,39.95508574,-82.93683215
Sat Feb 02 15:11:47 +0000 2019,355283109,1091715811742408704,39.95508574,-82.93683215
Sat Feb 02 12:34:04 +0000 2019,930775286,1091676121110900736,39.94838,-82.94353
Fri Feb 01 11:50:38 +0000 2019,930775286,1091302804499714051,39.95084,-82.94429
Fri Feb 01 04:32:53 +0000 2019,930775286,1091192638857011202,39.94838,-82.94353
Sun Feb 10 19:15:05 +0000 2019,268210484,1094676143020613632,39.8853,-82.7544
Sun Feb 10 18:25:12 +0000 2019,268210484,1094663589800095745,39.8853,-82.7544
Sun Feb 10 17:29:02 +0000 2019,30076834,1094649455733862400,39.8853,-82.7544
Sun Feb 10 17:25:36 +0000 2019,30076834,1094648593649152007,39.88527849,-82.75435579
Sun Feb 10 15:13:35 +0000 2019,1172324184,1094615370273640453,39.8853,-82.75466
Sat Feb 09 15:09:48 +0000 2019,18069553,1094252027499167744,39.88972222,-82.75416667
Sat Feb 09 02:22:59 +0000 2019,92752613,1094059051187617794,39.8853,-82.7544
Fri Feb 08 23:03:06 +0000 2019,268210484,1094008752578150400,39.8853,-82.7544
Fri Feb 08 23:02:05 +0000 2019,30076834,1094008496352309248,39.8853,-82.7544
Fri Feb 08 22:59:37 +0000 2019,30076834,1094007873921826820,39.88527849,-82.75435579
Fri Feb 08 22:59:16 +0000 2019,268210484,1094007786915151873,39.88527849,-82.75435579
Thu Feb 07 15:54:13 +0000 2019,21195970,1093538429885796352,39.8842304,-82.7535049
Thu Feb 07 13:53:22 +0000 2019,1172324184,1093508019395198977,39.8853,-82.75466
Thu Feb 07 13:48:15 +0000 2019,1172324184,1093506729839456257,39.8853,-82.75466
Wed Feb 06 09:08:10 +0000 2019,1172324184,1093073856342806528,39.8853,-82.75466
Tue Feb 05 23:50:21 +0000 2019,268210484,1092933477601751040,39.88527849,-82.75435579
Tue Feb 05 23:06:59 +0000 2019,30076834,1092922564408684545,39.88527849,-82.75435579
Tue Feb 05 09:43:27 +0000 2019,1172324184,1092720347864952832,39.8853,-82.75466
Mon Feb 04 10:28:05 +0000 2019,16650431,1092369192836386816,39.8853,-82.75466
Sun Feb 03 21:39:05 +0000 2019,21195890,1092175665762160640,39.898703,-82.7562895
Sat Feb 02 18:37:58 +0000 2019,16650431,1091767699279998976,39.8853,-82.75466
Sat Feb 02 05:21:04 +0000 2019,44892271,1091567155311710208,39.8853,-82.7544
Mon Feb 04 20:18:35 +0000 2019,188185944,1092517796796231680,39.9551884,-82.8311544
Sun Feb 10 20:07:04 +0000 2019,43639228,1094689227277647878,39.9956193,-82.6743341
Sat Feb 09 21:49:32 +0000 2019,118562908,1094352624730566656,39.9956193,-82.6743341
Fri Feb 08 16:07:02 +0000 2019,21196047,1093904046027464707,39.9956193,-82.6743341
Fri Feb 08 15:38:32 +0000 2019,43639228,1093896873272692736,39.9956193,-82.6743341
Thu Feb 07 21:44:05 +0000 2019,22733920,1093626478460252160,39.9956193,-82.6743341
Thu Feb 07 18:23:39 +0000 2019,22733920,1093576036623642624,39.9956193,-82.6743341
Sat Feb 09 02:15:19 +0000 2019,56939693,1094057122898329600,39.95167144,-83.07576401
Fri Feb 08 03:46:33 +0000 2019,951264976978743297,1093717696766791685,39.95,-83.0833
Fri Feb 08 01:09:22 +0000 2019,4785159856,1093678137278386176,39.94459232,-83.07348556
Thu Feb 07 11:57:10 +0000 2019,443384512,1093478776384643072,39.946721,-83.082003
Wed Feb 06 16:55:36 +0000 2019,951264976978743297,1093191491244023811,39.946721,-83.082003
Tue Feb 05 12:44:15 +0000 2019,951264976978743297,1092765846672424960,39.95456,-83.0713
Mon Feb 04 05:41:52 +0000 2019,930775286,1092297164661891073,39.95507,-83.07165
Sun Feb 03 23:17:01 +0000 2019,4785159856,1092200313426038785,39.95491839,-83.08204651
Sat Feb 02 23:13:32 +0000 2019,303626189,1091837048200151040,39.946721,-83.082003
Sun Feb 10 18:27:13 +0000 2019,2181501324,1094664096400568320,40.02878359,-83.11508908
Sat Feb 09 14:12:25 +0000 2019,2181501324,1094237586183282689,40.02878359,-83.11508908
Fri Feb 08 19:15:00 +0000 2019,2181501324,1093951347286630400,40.02878359,-83.11508908
Tue Feb 05 21:18:46 +0000 2019,20491093,1092895332348973056,40.02857974,-83.1150189
Tue Feb 05 00:53:56 +0000 2019,2953605550,1092587090074787845,40.0287018,-83.0910721
Mon Feb 04 17:23:09 +0000 2019,20491093,1092473649305669632,40.02857974,-83.1150189
Fri Feb 01 18:17:27 +0000 2019,2181501324,1091400150826782721,40.02878359,-83.11508908
Fri Feb 01 15:13:25 +0000 2019,2181501324,1091353834281029632,40.02878359,-83.11508908
Sun Feb 03 22:43:24 +0000 2019,22733920,1092191852428546048,40.0142666,-83.1328976
Sun Feb 10 21:30:56 +0000 2019,22976404,1094710330830143488,40.1261743,-82.9290696
Sun Feb 10 20:47:37 +0000 2019,422285341,1094699430127628289,40.12507,-82.93167
Sun Feb 10 19:46:03 +0000 2019,581403546,1094683937966673920,40.12577,-82.93154
Sun Feb 10 15:15:09 +0000 2019,173559634,1094615761484537856,40.1261743,-82.9290696
Sun Feb 10 11:19:25 +0000 2019,163944651,1094556438255435776,40.12577,-82.93154
Sat Feb 09 20:32:26 +0000 2019,19536182,1094333219925676032,40.12577,-82.93154
Fri Feb 08 22:27:50 +0000 2019,378825404,1093999875794989057,40.127,-82.93216
Fri Feb 08 18:35:10 +0000 2019,23320531,1093941321717272576,40.1261743,-82.9290696
Fri Feb 08 18:12:19 +0000 2019,581403546,1093935573780197377,40.12577,-82.93154
Fri Feb 08 14:13:39 +0000 2019,1011811424,1093875510684209152,40.1261743,-82.9290696
Thu Feb 07 22:54:40 +0000 2019,29475976,1093644241648025600,40.12329,-82.93044
Thu Feb 07 20:12:44 +0000 2019,581403546,1093603488985079808,40.12577,-82.93154
Wed Feb 06 18:59:54 +0000 2019,21800642,1093222773487394818,40.1261743,-82.9290696
Wed Feb 06 18:00:56 +0000 2019,21195790,1093207933591015426,40.1261743,-82.9290696
Wed Feb 06 12:29:40 +0000 2019,581403546,1093124567038447616,40.12603247,-82.93185745
Tue Feb 05 10:42:07 +0000 2019,581403546,1092735111311839237,40.12577,-82.93154
Tue Feb 05 01:57:10 +0000 2019,3593307856,1092603003863875584,40.12577,-82.93154
Mon Feb 04 22:27:18 +0000 2019,23320531,1092550188424548352,40.1261743,-82.9290696
Mon Feb 04 18:17:45 +0000 2019,369134529,1092487389392433152,40.12577,-82.93154
Mon Feb 04 17:49:24 +0000 2019,21195790,1092480254252175361,40.1261743,-82.9290696
Mon Feb 04 02:37:46 +0000 2019,65524998,1092250834585317377,40.12577,-82.93154
Mon Feb 04 02:37:09 +0000 2019,581157052,1092250677907058688,40.11833739,-82.9242288
Mon Feb 04 01:50:32 +0000 2019,2417898258,1092238947764367365,40.12577,-82.93154
Sun Feb 03 21:17:19 +0000 2019,195912782,1092170189028892673,40.12577,-82.93154
Sun Feb 03 17:57:19 +0000 2019,22976404,1092119856780963842,40.1261743,-82.9290696
Sun Feb 03 16:12:14 +0000 2019,625162940,1092093412243836930,40.12577,-82.93154
Sat Feb 02 17:59:34 +0000 2019,22149548,1091758038703210496,40.1261743,-82.9290696
Sat Feb 02 16:28:30 +0000 2019,581403546,1091735119679967232,40.12577,-82.93154
Fri Feb 01 13:38:02 +0000 2019,34936522,1091329831688638464,40.12,-82.92
Fri Feb 01 13:32:15 +0000 2019,34936522,1091328378458775554,40.12,-82.92
Fri Feb 01 13:08:01 +0000 2019,34936522,1091322279739437056,40.12,-82.92
Fri Feb 01 13:03:11 +0000 2019,581403546,1091321063357566976,40.12577,-82.93154
Fri Feb 01 10:29:39 +0000 2019,34936522,1091282422572957696,40.12,-82.92
Sat Feb 02 17:57:21 +0000 2019,930775286,1091757478608556033,40.13301,-83.08965
Fri Feb 01 16:44:13 +0000 2019,34936522,1091376687676301312,40.13,-83.07
Sat Feb 09 13:31:49 +0000 2019,1891168652,1094227368464379905,40.09833501,-83.12707143
Sat Feb 09 00:55:23 +0000 2019,1891168652,1094037007657984000,40.09833501,-83.12707143
Fri Feb 08 21:35:47 +0000 2019,1891168652,1093986777508036611,40.09833501,-83.12707143
Fri Feb 08 03:48:01 +0000 2019,23820271,1093718064535883776,40.0979,-83.1224
Thu Feb 07 23:20:59 +0000 2019,22454456,1093650864789544962,40.0998029,-83.1264069
Mon Feb 04 19:38:03 +0000 2019,930775286,1092507595083001862,40.09919,-83.12465
Mon Feb 04 18:47:13 +0000 2019,930775286,1092494805094092801,40.09919,-83.12465
Sun Feb 10 18:55:09 +0000 2019,23473569,1094671126595137536,40.0610096,-82.9587412
Wed Feb 06 23:40:23 +0000 2019,930775286,1093293356292235264,40.05956,-82.95302
Wed Feb 06 22:55:26 +0000 2019,930775286,1093282046565384193,40.05956,-82.95302
Thu Feb 07 23:48:22 +0000 2019,930775286,1093657756131827712,40.06143,-83.10282
Thu Feb 07 21:31:29 +0000 2019,930775286,1093623304999632896,40.06143,-83.10282
Wed Feb 06 22:55:26 +0000 2019,1719901410,1093282044468187137,40.06741,-83.10978784
Wed Feb 06 20:14:31 +0000 2019,930775286,1093241551432675330,40.0682,-83.1051
Wed Feb 06 19:00:46 +0000 2019,930775286,1093222990794424320,40.0682,-83.1051
Wed Feb 06 18:53:37 +0000 2019,930775286,1093221191656132608,40.0654,-83.10449
Fri Feb 01 16:05:59 +0000 2019,616751313,1091367064982380544,40.06741,-83.10978784
Sun Feb 10 17:24:54 +0000 2019,314161679,1094648415558852608,40.115674,-83.1327332
Sat Feb 09 18:30:16 +0000 2019,46961881,1094302478403723264,40.0067704,-83.0544867
Thu Feb 07 21:48:07 +0000 2019,46961881,1093627491695026176,40.0067704,-83.0544867
Thu Feb 07 17:00:30 +0000 2019,2756362826,1093555111442419712,40.002227,-83.033768
Thu Feb 07 13:04:28 +0000 2019,930775286,1093495712598409216,40.00665,-83.03423
Wed Feb 06 18:29:06 +0000 2019,46961881,1093215018961690624,40.0067704,-83.0544867
Mon Feb 04 13:27:20 +0000 2019,206678909,1092414304417046528,40.00732,-83.05051
Sun Feb 03 22:52:03 +0000 2019,46961881,1092194029305876480,40.0067704,-83.0544867
Sat Feb 02 20:38:23 +0000 2019,46961881,1091798005680754688,40.0067704,-83.0544867
Fri Feb 01 16:10:45 +0000 2019,17421851,1091368266042433536,40.00651473,-83.04475464
Fri Feb 01 15:14:29 +0000 2019,34936522,1091354104822185988,40.01,-83.03
Fri Feb 08 16:28:30 +0000 2019,930775286,1093909448232443905,39.87494,-83.00395
Fri Feb 08 14:51:35 +0000 2019,930775286,1093885055326400512,39.87494,-83.00395
Fri Feb 08 10:45:28 +0000 2019,930775286,1093823119855370247,39.87494,-83.00395
Thu Feb 07 22:50:53 +0000 2019,22733920,1093643288127500289,39.8814224,-83.003942
Tue Feb 05 15:27:53 +0000 2019,28457303,1092807028018360320,39.8814224,-83.003942
Mon Feb 04 16:32:30 +0000 2019,28457303,1092460903054753793,39.8814224,-83.003942
Mon Feb 04 09:27:18 +0000 2019,930775286,1092353896566214656,39.87494,-83.00395
Fri Feb 01 18:35:13 +0000 2019,930775286,1091404622420500480,39.87494,-83.00395
Fri Feb 01 14:39:07 +0000 2019,930775286,1091345205872214017,39.87494,-83.00395
Fri Feb 01 13:33:01 +0000 2019,930775286,1091328568028729345,39.87494,-83.00395
Fri Feb 08 23:39:03 +0000 2019,62111918,1094017799150817281,40.0869,-83.0175
Sat Feb 02 20:59:41 +0000 2019,1076885569,1091803364638117888,40.08172,-83.02733
Sat Feb 02 19:42:09 +0000 2019,62111918,1091783852748693505,40.0869,-83.0175
Sat Feb 09 17:56:56 +0000 2019,81903111,1094294088508035072,39.99299,-82.92234
Fri Feb 08 17:10:22 +0000 2019,81903111,1093919981064974336,39.99299,-82.92234
Fri Feb 08 15:07:45 +0000 2019,930775286,1093889125197991938,39.99443,-82.93385
Fri Feb 08 00:38:56 +0000 2019,81903111,1093670478181474306,39.99299,-82.92234
Thu Feb 07 22:32:31 +0000 2019,81903111,1093638664238682112,39.99299,-82.92234
Thu Feb 07 19:37:10 +0000 2019,81903111,1093594536478035968,39.99299,-82.92234
Wed Feb 06 17:19:47 +0000 2019,81903111,1093197577711833089,39.99299,-82.92234
Tue Feb 05 23:06:13 +0000 2019,930775286,1092922370711584768,39.99443,-82.93385
Tue Feb 05 22:32:44 +0000 2019,930775286,1092913944656793602,39.99443,-82.93385
Tue Feb 05 22:09:36 +0000 2019,930775286,1092908122665041921,39.99443,-82.93385
Tue Feb 05 22:00:24 +0000 2019,930775286,1092905809640677381,39.99443,-82.93385
Mon Feb 04 12:55:48 +0000 2019,930775286,1092406367250509824,39.98453,-82.91403
Sun Feb 03 00:45:42 +0000 2019,81903111,1091860244093853698,39.99299,-82.92234
Sat Feb 02 17:28:49 +0000 2019,81903111,1091750299881091072,39.99299,-82.92234
Sat Feb 02 11:28:36 +0000 2019,930775286,1091659644966240256,39.99719,-82.9303
Fri Feb 01 21:34:52 +0000 2019,930775286,1091449832861061122,39.99443,-82.93385
Fri Feb 01 20:11:46 +0000 2019,930775286,1091428918559674372,39.99443,-82.93385
Fri Feb 01 20:07:50 +0000 2019,930775286,1091427928401944577,39.99443,-82.93385
Sun Feb 10 03:59:27 +0000 2019,14599963,1094445717282684928,40.10328,-82.99897
Fri Feb 08 11:07:09 +0000 2019,820560770052268032,1093828576091295745,40.0932258,-82.9921657
Thu Feb 07 23:08:18 +0000 2019,906334770,1093647669933703168,40.1038284,-82.9981308
Wed Feb 06 00:00:05 +0000 2019,1134851982,1092935926626496515,40.09320325,-82.99187608
Tue Feb 05 17:04:04 +0000 2019,1134851982,1092831231748780032,40.09320325,-82.99187608
Sun Feb 03 01:46:42 +0000 2019,83939074,1091875594726490112,39.9515495,-82.9055405
Sun Feb 03 00:14:52 +0000 2019,32448453,1091852483272589312,39.95638541,-82.92104039
Sat Feb 02 21:37:45 +0000 2019,21195890,1091812942570373120,39.9561205,-82.9164735
Sat Feb 09 17:56:56 +0000 2019,81903111,1094294088508035072,39.99299,-82.92234
Fri Feb 08 17:10:22 +0000 2019,81903111,1093919981064974336,39.99299,-82.92234
Fri Feb 08 00:38:56 +0000 2019,81903111,1093670478181474306,39.99299,-82.92234
Thu Feb 07 22:32:31 +0000 2019,81903111,1093638664238682112,39.99299,-82.92234
Thu Feb 07 19:37:10 +0000 2019,81903111,1093594536478035968,39.99299,-82.92234
Thu Feb 07 19:18:46 +0000 2019,2885253345,1093589908063703041,39.98059,-82.93171
Wed Feb 06 17:53:51 +0000 2019,2885253345,1093206149837479936,39.98059,-82.93171
Wed Feb 06 17:19:47 +0000 2019,81903111,1093197577711833089,39.99299,-82.92234
Mon Feb 04 19:41:11 +0000 2019,2885253345,1092508383985500160,39.98059,-82.93171
Mon Feb 04 12:55:48 +0000 2019,930775286,1092406367250509824,39.98453,-82.91403
Sun Feb 03 14:17:14 +0000 2019,2885253345,1092064472502394883,39.98059,-82.93171
Sun Feb 03 00:45:42 +0000 2019,81903111,1091860244093853698,39.99299,-82.92234
Sat Feb 02 17:28:49 +0000 2019,81903111,1091750299881091072,39.99299,-82.92234
Fri Feb 01 16:29:51 +0000 2019,2885253345,1091373071418773505,39.98059,-82.93171
Sun Feb 10 21:49:00 +0000 2019,124474591,1094714879548801024,39.9847,-83.04
Sun Feb 10 21:04:07 +0000 2019,124474591,1094703583981981697,39.9847,-83.04
Sun Feb 10 20:59:03 +0000 2019,124474591,1094702306149437441,39.9847,-83.04
Sun Feb 10 20:57:35 +0000 2019,25600586,1094701940150292480,39.98325392,-83.04533908
Sun Feb 10 03:53:56 +0000 2019,1170021908,1094444328871739392,39.9847252,-83.0400184
Sun Feb 10 03:51:35 +0000 2019,1170021908,1094443737869139974,39.9847252,-83.0400184
Sun Feb 10 03:02:28 +0000 2019,22135559,1094431376781131777,39.97975,-83.04521
Sat Feb 09 16:39:15 +0000 2019,373994490,1094274539981135872,39.97089,-83.04178
Sat Feb 09 01:37:08 +0000 2019,1170021908,1094047513919791104,39.9847252,-83.0400184
Fri Feb 08 23:01:16 +0000 2019,1170021908,1094008288637796352,39.9847252,-83.0400184
Tue Feb 05 21:31:46 +0000 2019,930775286,1092898601846693890,39.9174,-83.01425
Tue Feb 05 21:26:35 +0000 2019,930775286,1092897299049500673,39.9174,-83.01425
Tue Feb 05 20:26:47 +0000 2019,930775286,1092882249161367552,39.9174,-83.01425
Tue Feb 05 20:07:53 +0000 2019,930775286,1092877490333327360,39.91726,-83.01434
Tue Feb 05 12:36:06 +0000 2019,930775286,1092763799181029376,39.91726,-83.01434
Fri Feb 01 13:46:08 +0000 2019,34936522,1091331870753804288,40.12,-83.13
Fri Feb 01 11:23:15 +0000 2019,34936522,1091295913971200000,40.12,-83.13
Tue Feb 05 10:59:24 +0000 2019,284531638,1092739463271178240,40.07754414,-82.97386084
Mon Feb 04 11:47:29 +0000 2019,284531638,1092389175079272449,40.07754414,-82.97386084
Wed Feb 06 19:58:55 +0000 2019,22454456,1093237622292398080,40.1459747,-83.0919154
Wed Feb 06 15:52:55 +0000 2019,21195970,1093175715774644225,40.1459747,-83.0919154
Sun Feb 03 15:29:10 +0000 2019,22454456,1092082573587623937,40.1459747,-83.0919154
Tue Feb 05 23:26:01 +0000 2019,930775286,1092927354010329089,40.03744,-82.96249
Tue Feb 05 22:45:16 +0000 2019,930775286,1092917097020211200,40.03744,-82.96249
Mon Feb 04 23:54:51 +0000 2019,930775286,1092572223796318209,40.02731,-82.95999
Mon Feb 04 23:02:18 +0000 2019,930775286,1092558997746528257,40.02731,-82.95999
Mon Feb 04 20:42:19 +0000 2019,930775286,1092523768608710657,40.02274,-82.96474
Mon Feb 04 19:08:08 +0000 2019,930775286,1092500067708297218,40.02274,-82.96474
Fri Feb 01 15:35:53 +0000 2019,21195970,1091359488341291014,40.0308629,-82.9634718
Sun Feb 10 19:44:30 +0000 2019,2830733874,1094683548508925953,40.12807979,-82.93683689
Sun Feb 10 17:59:22 +0000 2019,320514625,1094657091032227843,40.12807979,-82.93683689
Sun Feb 10 02:43:11 +0000 2019,23838037,1094426524734902272,40.13006655,-82.93741728
Sat Feb 09 19:34:39 +0000 2019,23838037,1094318678324203521,40.12807979,-82.93683689
Fri Feb 08 21:08:58 +0000 2019,24208601,1093980027878666240,40.12286,-82.94285
Fri Feb 08 21:08:50 +0000 2019,24208601,1093979994005467136,40.12286,-82.94285
Fri Feb 08 21:08:42 +0000 2019,24208601,1093979961239658496,40.12286,-82.94285
Fri Feb 08 21:08:36 +0000 2019,24208601,1093979933821423616,40.12286,-82.94285
Fri Feb 08 21:08:23 +0000 2019,24208601,1093979879777988608,40.12286,-82.94285
Wed Feb 06 20:45:52 +0000 2019,53732938,1093249440775790592,40.12807979,-82.93683689
Tue Feb 05 15:06:57 +0000 2019,23838037,1092801761990066187,40.13006655,-82.93741728
Sat Feb 02 22:10:04 +0000 2019,1113466850,1091821076814786561,40.12807979,-82.93683689
Tue Feb 05 15:27:24 +0000 2019,23473569,1092806906488463361,39.9203778,-82.8301142
Mon Feb 04 14:20:38 +0000 2019,28457303,1092427714454204417,39.9203778,-82.8301142
Sat Feb 02 14:35:17 +0000 2019,53079714,1091706627529605120,39.92845626,-82.83468666
Sat Feb 02 13:37:48 +0000 2019,818597386176069633,1091692160099864577,39.9278896,-82.829064
Tue Feb 05 15:27:24 +0000 2019,23473569,1092806906488463361,39.9203778,-82.8301142
Mon Feb 04 14:20:38 +0000 2019,28457303,1092427714454204417,39.9203778,-82.8301142
Sun Feb 10 21:30:56 +0000 2019,22976404,1094710330830143488,40.1261743,-82.9290696
Sun Feb 10 20:47:37 +0000 2019,422285341,1094699430127628289,40.12507,-82.93167
Sun Feb 10 19:46:03 +0000 2019,581403546,1094683937966673920,40.12577,-82.93154
Sun Feb 10 19:44:30 +0000 2019,2830733874,1094683548508925953,40.12807979,-82.93683689
Sun Feb 10 17:59:22 +0000 2019,320514625,1094657091032227843,40.12807979,-82.93683689
Sun Feb 10 15:15:09 +0000 2019,173559634,1094615761484537856,40.1261743,-82.9290696
Sun Feb 10 11:19:25 +0000 2019,163944651,1094556438255435776,40.12577,-82.93154
Sat Feb 09 20:32:26 +0000 2019,19536182,1094333219925676032,40.12577,-82.93154
Sat Feb 09 19:34:39 +0000 2019,23838037,1094318678324203521,40.12807979,-82.93683689
Fri Feb 08 22:27:50 +0000 2019,378825404,1093999875794989057,40.127,-82.93216
Fri Feb 08 18:35:10 +0000 2019,23320531,1093941321717272576,40.1261743,-82.9290696
Fri Feb 08 18:12:19 +0000 2019,581403546,1093935573780197377,40.12577,-82.93154
Fri Feb 08 14:13:39 +0000 2019,1011811424,1093875510684209152,40.1261743,-82.9290696
Thu Feb 07 22:54:40 +0000 2019,29475976,1093644241648025600,40.12329,-82.93044
Thu Feb 07 20:12:44 +0000 2019,581403546,1093603488985079808,40.12577,-82.93154
Wed Feb 06 20:45:52 +0000 2019,53732938,1093249440775790592,40.12807979,-82.93683689
Wed Feb 06 18:59:54 +0000 2019,21800642,1093222773487394818,40.1261743,-82.9290696
Wed Feb 06 18:00:56 +0000 2019,21195790,1093207933591015426,40.1261743,-82.9290696
Wed Feb 06 12:29:40 +0000 2019,581403546,1093124567038447616,40.12603247,-82.93185745
Tue Feb 05 10:42:07 +0000 2019,581403546,1092735111311839237,40.12577,-82.93154
Tue Feb 05 01:57:10 +0000 2019,3593307856,1092603003863875584,40.12577,-82.93154
Mon Feb 04 22:27:18 +0000 2019,23320531,1092550188424548352,40.1261743,-82.9290696
Mon Feb 04 18:17:45 +0000 2019,369134529,1092487389392433152,40.12577,-82.93154
Mon Feb 04 17:49:24 +0000 2019,21195790,1092480254252175361,40.1261743,-82.9290696
Mon Feb 04 02:37:46 +0000 2019,65524998,1092250834585317377,40.12577,-82.93154
Mon Feb 04 02:37:09 +0000 2019,581157052,1092250677907058688,40.11833739,-82.9242288
Mon Feb 04 01:50:32 +0000 2019,2417898258,1092238947764367365,40.12577,-82.93154
Sun Feb 03 21:17:19 +0000 2019,195912782,1092170189028892673,40.12577,-82.93154
Sun Feb 03 17:57:19 +0000 2019,22976404,1092119856780963842,40.1261743,-82.9290696
Sun Feb 03 16:12:14 +0000 2019,625162940,1092093412243836930,40.12577,-82.93154
Sat Feb 02 22:10:04 +0000 2019,1113466850,1091821076814786561,40.12807979,-82.93683689
Sat Feb 02 17:59:34 +0000 2019,22149548,1091758038703210496,40.1261743,-82.9290696
Sat Feb 02 16:28:30 +0000 2019,581403546,1091735119679967232,40.12577,-82.93154
Fri Feb 01 13:38:02 +0000 2019,34936522,1091329831688638464,40.12,-82.92
Fri Feb 01 13:32:15 +0000 2019,34936522,1091328378458775554,40.12,-82.92
Fri Feb 01 13:08:01 +0000 2019,34936522,1091322279739437056,40.12,-82.92
Fri Feb 01 13:03:11 +0000 2019,581403546,1091321063357566976,40.12577,-82.93154
Fri Feb 01 10:29:39 +0000 2019,34936522,1091282422572957696,40.12,-82.92
Fri Feb 08 15:33:36 +0000 2019,802919623,1093895631280627712,40.03527778,-83.16805556
Thu Feb 07 14:50:38 +0000 2019,802919623,1093522428385521665,40.03527778,-83.16805556
Sun Feb 10 22:00:19 +0000 2019,117868720,1094717727464337408,39.8814519,-83.0929644
Sun Feb 10 18:20:11 +0000 2019,21196047,1094662327318634496,39.8814519,-83.0929644
Sun Feb 10 17:20:52 +0000 2019,118562908,1094647399774019584,39.8814519,-83.0929644
Sat Feb 09 20:01:49 +0000 2019,118562908,1094325516239175680,39.8814519,-83.0929644
Thu Feb 07 18:50:14 +0000 2019,23473569,1093582725313814529,39.8814519,-83.0929644
Wed Feb 06 23:16:12 +0000 2019,23473569,1093287271804035072,39.8814519,-83.0929644
Wed Feb 06 22:10:20 +0000 2019,28457303,1093270695134412800,39.8814519,-83.0929644
Wed Feb 06 19:58:32 +0000 2019,28457303,1093237527916380160,39.8814519,-83.0929644
Wed Feb 06 15:34:44 +0000 2019,28457303,1093171141798092800,39.8814519,-83.0929644
Tue Feb 05 21:29:05 +0000 2019,71721845,1092897926953656320,39.8814519,-83.0929644
Tue Feb 05 18:06:22 +0000 2019,21196047,1092846912460414976,39.8814519,-83.0929644
Sat Feb 02 18:44:21 +0000 2019,23473569,1091769305060892672,39.8814519,-83.0929644
Sat Feb 09 02:43:25 +0000 2019,56939693,1094064193546932224,39.92805556,-83.065
Fri Feb 01 13:10:22 +0000 2019,930775286,1091322870637178880,40.15695,-83.04576
Mon Feb 04 18:46:42 +0000 2019,998377844,1092494673069756418,39.8949,-83.21029
Fri Feb 08 22:54:54 +0000 2019,4218075194,1094006688749744128,40.09013929,-82.79581972
Fri Feb 08 22:49:29 +0000 2019,4218075194,1094005325433319428,40.09013929,-82.79581972
Sun Feb 03 21:46:50 +0000 2019,46521706,1092177616801456130,40.09085894,-82.77859788
Fri Feb 01 19:39:42 +0000 2019,930775286,1091420848672649216,40.08993,-82.80279
Fri Feb 01 18:58:46 +0000 2019,930775286,1091410545067155456,40.08993,-82.80279
Sun Feb 10 00:48:49 +0000 2019,397736536,1094397743257260033,40.13033,-83.01583
Fri Feb 08 13:58:22 +0000 2019,930775286,1093871665501609984,40.13635,-83.0056
Fri Feb 08 12:36:32 +0000 2019,930775286,1093851070286233601,40.13635,-83.0056
Thu Feb 07 15:59:16 +0000 2019,17931271,1093539702198730754,40.128121,-83.017081
Tue Feb 05 16:23:27 +0000 2019,25587230,1092821010737377280,40.12722,-83.00519
Tue Feb 05 00:11:34 +0000 2019,268095481,1092576431412936704,40.13599,-83.00839
Mon Feb 04 21:54:12 +0000 2019,53079714,1092541857819774978,40.1264267,-83.0168558
Sat Feb 02 07:20:03 +0000 2019,15948489,1091597097588150272,40.13447466,-83.01540457
Sat Feb 02 01:46:14 +0000 2019,222167586,1091513090376642560,40.13033,-83.01583
Fri Feb 01 20:18:26 +0000 2019,930775286,1091430595513778176,40.12986,-83.01653
Fri Feb 01 19:39:06 +0000 2019,930775286,1091420698604683264,40.12986,-83.01653
Sun Feb 10 18:55:09 +0000 2019,23473569,1094671126595137536,40.0610096,-82.9587412
Sun Feb 10 16:30:28 +0000 2019,23320531,1094634717482123264,40.0441439,-82.9609096
Sun Feb 10 15:15:19 +0000 2019,23320531,1094615806485254144,40.0441439,-82.9609096
Wed Feb 06 23:40:23 +0000 2019,930775286,1093293356292235264,40.05956,-82.95302
Wed Feb 06 22:55:26 +0000 2019,930775286,1093282046565384193,40.05956,-82.95302
Wed Feb 06 20:42:18 +0000 2019,37936115,1093248541865140224,40.0441439,-82.9609096
Tue Feb 05 00:29:15 +0000 2019,186296650,1092580877811568640,40.06,-82.95248
Sun Feb 03 20:05:45 +0000 2019,21195970,1092152177693356032,40.0441439,-82.9609096
Sat Feb 02 22:23:48 +0000 2019,23320531,1091824534611582976,40.0441439,-82.9609096
Sun Feb 10 22:01:53 +0000 2019,225187465,1094718121640783873,39.9624,-82.9996
Sun Feb 10 21:40:00 +0000 2019,76994973,1094712613928263681,39.9624,-82.9996
Sun Feb 10 21:31:15 +0000 2019,22060116,1094710412619083776,39.9611755,-82.9987942
Sun Feb 10 21:30:55 +0000 2019,21195970,1094710325671124992,39.9611755,-82.9987942
Sun Feb 10 21:15:30 +0000 2019,2422753783,1094706448309895168,39.96531528,-82.99175308
Sun Feb 10 21:11:22 +0000 2019,23234447,1094705407518420992,39.9611755,-82.9987942
Sun Feb 10 20:51:32 +0000 2019,21974619,1094700416057647108,39.9624,-82.9996
Sun Feb 10 20:01:53 +0000 2019,74030988,1094687919988768769,39.97157333,-83.00154686
Sun Feb 10 19:31:12 +0000 2019,23234447,1094680198119747584,39.9611755,-82.9987942
Sun Feb 10 19:22:59 +0000 2019,99878467,1094678131082878976,39.9611755,-82.9987942
Sun Feb 10 19:22:39 +0000 2019,22060116,1094678047377092609,39.9611755,-82.9987942
Sun Feb 10 19:20:05 +0000 2019,595822954,1094677402943291393,39.9624,-82.9996
Sun Feb 10 19:14:37 +0000 2019,573841372,1094676027903623168,39.9624,-82.9996
Sun Feb 10 19:13:15 +0000 2019,29693544,1094675684239306754,39.97687366,-82.9987545
Sun Feb 10 19:11:58 +0000 2019,573841372,1094675359876837376,39.9624,-82.9996
Sun Feb 10 18:58:08 +0000 2019,44748304,1094671879879647237,39.966,-82.99314
Sun Feb 10 18:47:42 +0000 2019,57994489,1094669251900633088,39.96102885,-82.99884441
Sun Feb 10 18:38:39 +0000 2019,28606081,1094666976864026624,39.97157333,-83.00154686
Sun Feb 10 18:30:29 +0000 2019,44748304,1094664918853332992,39.966,-82.99314
Sun Feb 10 18:17:41 +0000 2019,71721845,1094661697560670208,39.9611755,-82.9987942
Sun Feb 10 18:08:10 +0000 2019,22976404,1094659305179992064,39.9611755,-82.9987942
Sun Feb 10 17:55:35 +0000 2019,295795110,1094656138140737536,39.9624,-82.9996
Sun Feb 10 17:53:59 +0000 2019,43639228,1094655735793737728,39.9611755,-82.9987942
Sun Feb 10 17:50:10 +0000 2019,326248015,1094654775411372032,39.9624,-82.9996
Sun Feb 10 16:54:47 +0000 2019,68275677,1094640835314954241,39.9624,-82.9996
Sun Feb 10 16:47:29 +0000 2019,43639228,1094639001200259072,39.9611755,-82.9987942
Sun Feb 10 16:11:31 +0000 2019,2644946807,1094629946603913216,39.96986088,-83.00120021
Sun Feb 10 16:10:58 +0000 2019,23234447,1094629808535830528,39.9611755,-82.9987942
Sun Feb 10 16:08:56 +0000 2019,74030988,1094629299343089666,39.97157333,-83.00154686
Sun Feb 10 15:56:54 +0000 2019,21195970,1094626267758903298,39.9611755,-82.9987942
Sun Feb 10 15:40:52 +0000 2019,43639228,1094622233815769088,39.9611755,-82.9987942
Sun Feb 10 15:28:03 +0000 2019,204506649,1094619010539417600,39.9624,-82.9996
Sun Feb 10 15:17:49 +0000 2019,180018023,1094616432761917441,39.9611755,-82.9987942
Sun Feb 10 15:17:06 +0000 2019,964211507016937472,1094616252197359618,39.97157333,-83.00154686
Sun Feb 10 15:15:35 +0000 2019,964211507016937472,1094615871488700416,39.97157333,-83.00154686
Sun Feb 10 15:10:26 +0000 2019,964211507016937472,1094614576975437824,39.97157333,-83.00154686
Sun Feb 10 14:59:44 +0000 2019,138350409,1094611883808575488,39.9624,-82.9996
Sun Feb 10 14:55:30 +0000 2019,71721845,1094610816085635072,39.9611755,-82.9987942
Sun Feb 10 14:45:35 +0000 2019,22976404,1094608321577857026,39.9611755,-82.9987942
Sun Feb 10 14:31:49 +0000 2019,57994489,1094604859548958726,39.96102885,-82.99884441
Sun Feb 10 14:31:39 +0000 2019,584991985,1094604815508930560,39.9624,-82.9996
Sun Feb 10 14:30:43 +0000 2019,95685812,1094604581017858048,39.9624,-82.9996
Sun Feb 10 13:59:02 +0000 2019,271737284,1094596606521823232,39.96284,-82.99693
Sun Feb 10 13:06:53 +0000 2019,1058710904,1094583482183892995,39.9611755,-82.9987942
Sun Feb 10 12:35:32 +0000 2019,942461432855236609,1094575594006667264,39.9624,-82.9996
Sun Feb 10 12:13:08 +0000 2019,353514675,1094569958581981184,39.9624,-82.9996
Sun Feb 10 11:54:46 +0000 2019,418210374,1094565334399492098,39.9624,-82.9996
Sun Feb 10 08:50:31 +0000 2019,134996863,1094518966775500800,39.9624,-82.9996
Sun Feb 10 06:32:05 +0000 2019,14361342,1094484128781688833,39.97218365,-83.00137146
Sun Feb 10 06:17:39 +0000 2019,1284955340,1094480498598936577,39.9725043,-83.0010684
Sun Feb 10 05:37:35 +0000 2019,44755379,1094470415148298241,39.9624,-82.9996
Sun Feb 10 04:54:23 +0000 2019,560118221,1094459543134756865,39.9624,-82.9996
Sun Feb 10 04:26:48 +0000 2019,266305530,1094452600957587458,39.967205,-82.996048
Sun Feb 10 04:23:49 +0000 2019,266305530,1094451851032965121,39.967205,-82.996048
Sun Feb 10 04:12:22 +0000 2019,371318271,1094448967574847488,39.9624,-82.9996
Sun Feb 10 02:59:36 +0000 2019,68050502,1094430655104966656,39.96284,-82.99693
Sun Feb 10 02:50:57 +0000 2019,722381689,1094428480442269701,39.9624,-82.9996
Sun Feb 10 02:02:40 +0000 2019,2331749618,1094416325969989632,39.9624,-82.9996
Sun Feb 10 01:39:03 +0000 2019,2331749618,1094410382540713984,39.9624,-82.9996
Sun Feb 10 01:31:51 +0000 2019,2611066014,1094408571591290880,39.9624,-82.9996
Sun Feb 10 01:31:22 +0000 2019,348255385,1094408450258350080,39.9624,-82.9996
Sun Feb 10 01:17:47 +0000 2019,21211742,1094405032114561024,39.9624,-82.9996
Sun Feb 10 01:15:51 +0000 2019,31028160,1094404546837676033,39.9624,-82.9996
Sun Feb 10 00:46:05 +0000 2019,103358593,1094397054783311872,39.9723,-83.0009
Sun Feb 10 00:44:36 +0000 2019,17753760,1094396681498644481,39.96000075,-82.99898386
Sun Feb 10 00:37:23 +0000 2019,2246313732,1094394866795044869,39.97157333,-83.00154686
Sat Feb 09 23:56:25 +0000 2019,326248015,1094384556839325696,39.9624,-82.9996
Sat Feb 09 23:31:32 +0000 2019,14361342,1094378294768627712,39.97218365,-83.00137146
Sat Feb 09 23:21:23 +0000 2019,22426858,1094375739070152704,39.9611755,-82.9987942
Sat Feb 09 23:20:44 +0000 2019,23473569,1094375574787653632,39.9611755,-82.9987942
Sat Feb 09 23:17:41 +0000 2019,330373100,1094374806647160832,39.9624,-82.9996
Sat Feb 09 23:12:53 +0000 2019,212716517,1094373598939144192,39.97152924,-83.00655842
Sat Feb 09 22:45:48 +0000 2019,71721845,1094366782746329089,39.9611755,-82.9987942
Sat Feb 09 22:41:46 +0000 2019,344882579,1094365771772370950,39.96000075,-82.99898386
Sat Feb 09 22:37:30 +0000 2019,381139645,1094364695249780737,39.9624,-82.9996
Sat Feb 09 22:12:53 +0000 2019,20491093,1094358500761837571,39.96948,-83.0049
Sat Feb 09 22:11:40 +0000 2019,725723552431788032,1094358195143729152,39.9624,-82.9996
Sat Feb 09 21:57:57 +0000 2019,31155727,1094354742237585408,39.9667,-83.0
Sat Feb 09 21:29:58 +0000 2019,22976404,1094347702773604352,39.9611755,-82.9987942
Sat Feb 09 20:38:54 +0000 2019,22733920,1094334849886769152,39.9611755,-82.9987942
Sat Feb 09 20:38:18 +0000 2019,18069553,1094334698220908545,39.96000075,-82.99898386
Sat Feb 09 20:37:53 +0000 2019,57994489,1094334592671051777,39.96102885,-82.99884441
Sat Feb 09 20:24:12 +0000 2019,22149548,1094331148317016064,39.9611755,-82.9987942
Sat Feb 09 19:38:55 +0000 2019,44149552,1094319753265479680,39.9624,-82.9996
Sat Feb 09 19:32:23 +0000 2019,37936115,1094318109488427008,39.9611755,-82.9987942
Sat Feb 09 19:29:13 +0000 2019,23234447,1094317311488479232,39.9611755,-82.9987942
Sat Feb 09 19:23:58 +0000 2019,74030988,1094315991197085696,39.9624,-82.9996
Fri Feb 08 15:46:27 +0000 2019,526027498,1093898861993754624,40.11727,-82.98454
Wed Feb 06 15:06:49 +0000 2019,526027498,1093164115973988353,40.11727,-82.98454
Sun Feb 10 17:06:45 +0000 2019,808463449999245313,1094643847995375617,39.9572149,-82.9337237
Sun Feb 10 04:15:26 +0000 2019,2171003029,1094449739242717185,39.95508574,-82.93683215
Fri Feb 08 17:36:25 +0000 2019,15467654,1093926536376246273,39.95947,-82.93428
Thu Feb 07 23:22:52 +0000 2019,15467654,1093651337022033920,39.95947,-82.93428
Thu Feb 07 17:36:24 +0000 2019,15467654,1093564146736455680,39.95947,-82.93428
Thu Feb 07 16:55:10 +0000 2019,808463449999245313,1093553770699677696,39.9572149,-82.9337237
Thu Feb 07 14:13:25 +0000 2019,18709160,1093513064320708608,39.96244,-82.94796
Thu Feb 07 10:33:30 +0000 2019,63830370,1093457719028109312,39.95757241,-82.9385657
Wed Feb 06 21:47:57 +0000 2019,15467654,1093265064000348160,39.95947,-82.93428
Thu Feb 07 18:29:11 +0000 2019,46961881,1093577428935438336,39.8758906,-83.044271
Wed Feb 06 17:22:46 +0000 2019,46961881,1093198325895950336,39.8758906,-83.044271
Tue Feb 05 17:21:37 +0000 2019,46961881,1092835649013469185,39.8758906,-83.044271
Sat Feb 02 19:43:44 +0000 2019,488665662,1091784251672907776,39.8781244,-83.0396632
Fri Feb 01 19:08:56 +0000 2019,25587230,1091413106104942592,39.88069823,-83.04632856
Thu Feb 07 17:57:16 +0000 2019,314161679,1093569396407074819,39.9721714,-82.8694464
Wed Feb 06 23:42:59 +0000 2019,22149548,1093294013292044289,39.9721714,-82.8694464
Wed Feb 06 15:33:09 +0000 2019,3406069787,1093170742638886912,39.98050291,-82.85873828
Mon Feb 04 23:32:56 +0000 2019,21195970,1092566706604527616,39.9721714,-82.8694464
Mon Feb 04 18:03:21 +0000 2019,22149548,1092483764431708161,39.9721714,-82.8694464
Mon Feb 04 14:09:07 +0000 2019,3406069787,1092424819336011777,39.98050291,-82.85873828
Fri Feb 01 21:15:07 +0000 2019,930775286,1091444861767729155,39.97794,-82.85784
Fri Feb 01 20:25:52 +0000 2019,930775286,1091432467679137793,39.97794,-82.85784
Sun Feb 10 06:13:57 +0000 2019,14592264,1094479567505448961,40.03209,-83.05152
Sat Feb 09 01:24:55 +0000 2019,248278702,1094044440006516737,40.03209,-83.05152
Sat Feb 09 01:05:00 +0000 2019,248278702,1094039427003760640,40.03209,-83.05152
Sat Feb 09 00:14:49 +0000 2019,268069666,1094026798193627136,40.03209,-83.05152
Wed Feb 06 23:28:54 +0000 2019,17994911,1093290466148118528,40.03209,-83.05152
Wed Feb 06 14:14:48 +0000 2019,2343627192,1093151024309665794,40.03209,-83.05152
Wed Feb 06 14:13:53 +0000 2019,2343627192,1093150795044921344,40.03209,-83.05152
Tue Feb 05 12:49:39 +0000 2019,20079525,1092767208277569537,40.03209,-83.05152
Sun Feb 03 02:37:35 +0000 2019,33270987,1091888399630430208,40.03209,-83.05152
Fri Feb 01 15:08:25 +0000 2019,34936522,1091352577621528578,40.03,-83.07
Fri Feb 01 16:44:12 +0000 2019,34936522,1091376683607867392,40.04,-82.8
Thu Feb 07 20:45:08 +0000 2019,930775286,1093611642988974081,40.00003,-82.96949
Sun Feb 10 16:41:05 +0000 2019,411017975,1094637388687495169,39.93950569,-83.11208623
Sat Feb 09 23:14:21 +0000 2019,66876039,1094373970722181120,39.9463328,-83.1118885
Thu Feb 07 18:13:30 +0000 2019,188185944,1093573480585412608,39.9538131,-83.1255225
Tue Feb 05 18:48:50 +0000 2019,930775286,1092857598024536066,39.95314,-83.11024
Tue Feb 05 18:18:02 +0000 2019,930775286,1092849847269580800,39.95314,-83.11024
Sun Feb 03 00:19:19 +0000 2019,17068617,1091853605584261120,39.93950569,-83.11208623
Sat Feb 02 22:09:08 +0000 2019,115374910,1091820840537280514,39.9463328,-83.1118885
Fri Feb 01 12:42:09 +0000 2019,34936522,1091315769256931328,40.0,-82.67
Fri Feb 01 12:41:36 +0000 2019,34936522,1091315630966480897,40.0,-82.67
Fri Feb 01 10:29:41 +0000 2019,34936522,1091282430890266624,40.0,-82.67
Fri Feb 08 13:20:51 +0000 2019,930775286,1093862221921304576,39.9369,-82.87857
Fri Feb 08 12:38:13 +0000 2019,930775286,1093851493344706560,39.9369,-82.87857
Sat Feb 09 22:04:28 +0000 2019,64813691,1094356382990647297,40.0618,-83.0754
Sat Feb 09 21:29:47 +0000 2019,21195970,1094347655130431490,40.056061,-83.082498
Sat Feb 09 21:13:02 +0000 2019,64813691,1094343439154597888,40.0618,-83.0754
Wed Feb 06 21:29:25 +0000 2019,22149548,1093260398084538368,40.056061,-83.082498
Tue Feb 05 19:58:46 +0000 2019,22454456,1092875196598444032,40.0570533,-83.0760674
Tue Feb 05 18:00:03 +0000 2019,21195970,1092845321657307136,40.056061,-83.082498
Sat Feb 02 17:57:21 +0000 2019,930775286,1091757478608556033,40.13301,-83.08965
Sun Feb 10 22:01:53 +0000 2019,225187465,1094718121640783873,39.9624,-82.9996
Sun Feb 10 21:40:00 +0000 2019,76994973,1094712613928263681,39.9624,-82.9996
Sun Feb 10 21:31:15 +0000 2019,22060116,1094710412619083776,39.9611755,-82.9987942
Sun Feb 10 21:31:04 +0000 2019,23320531,1094710367480033280,39.9602601,-83.0092803
Sun Feb 10 21:30:55 +0000 2019,21195970,1094710325671124992,39.9611755,-82.9987942
Sun Feb 10 21:11:22 +0000 2019,23234447,1094705407518420992,39.9611755,-82.9987942
Sun Feb 10 20:51:32 +0000 2019,21974619,1094700416057647108,39.9624,-82.9996
Sun Feb 10 19:31:12 +0000 2019,23234447,1094680198119747584,39.9611755,-82.9987942
Sun Feb 10 19:22:59 +0000 2019,99878467,1094678131082878976,39.9611755,-82.9987942
Sun Feb 10 19:22:39 +0000 2019,22060116,1094678047377092609,39.9611755,-82.9987942
Sun Feb 10 19:20:05 +0000 2019,595822954,1094677402943291393,39.9624,-82.9996
Sun Feb 10 19:17:38 +0000 2019,37936115,1094676784073695232,39.9602601,-83.0092803
Sun Feb 10 19:14:37 +0000 2019,573841372,1094676027903623168,39.9624,-82.9996
Sun Feb 10 19:11:58 +0000 2019,573841372,1094675359876837376,39.9624,-82.9996
Sun Feb 10 18:47:42 +0000 2019,57994489,1094669251900633088,39.96102885,-82.99884441
Sun Feb 10 18:33:22 +0000 2019,21195890,1094665647798157312,39.9602601,-83.0092803
Sun Feb 10 18:26:32 +0000 2019,22733920,1094663926283812864,39.9602601,-83.0092803
Sun Feb 10 18:17:41 +0000 2019,71721845,1094661697560670208,39.9611755,-82.9987942
Sun Feb 10 18:08:10 +0000 2019,22976404,1094659305179992064,39.9611755,-82.9987942
Sun Feb 10 17:55:35 +0000 2019,295795110,1094656138140737536,39.9624,-82.9996
Sun Feb 10 17:53:59 +0000 2019,43639228,1094655735793737728,39.9611755,-82.9987942
Sun Feb 10 17:50:10 +0000 2019,326248015,1094654775411372032,39.9624,-82.9996
Sun Feb 10 17:21:47 +0000 2019,1689924188,1094647630565703680,39.96185093,-83.00862678
Sun Feb 10 16:54:47 +0000 2019,68275677,1094640835314954241,39.9624,-82.9996
Sun Feb 10 16:47:29 +0000 2019,43639228,1094639001200259072,39.9611755,-82.9987942
Sun Feb 10 16:39:01 +0000 2019,820560770052268032,1094636866798678016,39.95668,-82.99609
Sun Feb 10 16:10:58 +0000 2019,23234447,1094629808535830528,39.9611755,-82.9987942
Sun Feb 10 15:58:14 +0000 2019,22149548,1094626603374542850,39.9602601,-83.0092803
Sun Feb 10 15:56:54 +0000 2019,21195970,1094626267758903298,39.9611755,-82.9987942
Sun Feb 10 15:53:05 +0000 2019,22976404,1094625310383828992,39.9602601,-83.0092803
Sun Feb 10 15:40:52 +0000 2019,43639228,1094622233815769088,39.9611755,-82.9987942
Sun Feb 10 15:28:03 +0000 2019,204506649,1094619010539417600,39.9624,-82.9996
Sun Feb 10 15:17:49 +0000 2019,180018023,1094616432761917441,39.9611755,-82.9987942
Sun Feb 10 14:59:44 +0000 2019,138350409,1094611883808575488,39.9624,-82.9996
Sun Feb 10 14:55:30 +0000 2019,71721845,1094610816085635072,39.9611755,-82.9987942
Sun Feb 10 14:45:35 +0000 2019,22976404,1094608321577857026,39.9611755,-82.9987942
Sun Feb 10 14:31:49 +0000 2019,57994489,1094604859548958726,39.96102885,-82.99884441
Sun Feb 10 14:31:39 +0000 2019,584991985,1094604815508930560,39.9624,-82.9996
Sun Feb 10 14:30:43 +0000 2019,95685812,1094604581017858048,39.9624,-82.9996
Sun Feb 10 13:59:02 +0000 2019,271737284,1094596606521823232,39.96284,-82.99693
Sun Feb 10 13:06:53 +0000 2019,1058710904,1094583482183892995,39.9611755,-82.9987942
Sun Feb 10 12:35:32 +0000 2019,942461432855236609,1094575594006667264,39.9624,-82.9996
Sun Feb 10 12:13:08 +0000 2019,353514675,1094569958581981184,39.9624,-82.9996
Sun Feb 10 11:54:46 +0000 2019,418210374,1094565334399492098,39.9624,-82.9996
Sun Feb 10 08:50:31 +0000 2019,134996863,1094518966775500800,39.9624,-82.9996
Sun Feb 10 05:37:35 +0000 2019,44755379,1094470415148298241,39.9624,-82.9996
Sun Feb 10 04:54:23 +0000 2019,560118221,1094459543134756865,39.9624,-82.9996
Sun Feb 10 04:12:22 +0000 2019,371318271,1094448967574847488,39.9624,-82.9996
Sun Feb 10 02:59:36 +0000 2019,68050502,1094430655104966656,39.96284,-82.99693
Sun Feb 10 02:50:57 +0000 2019,722381689,1094428480442269701,39.9624,-82.9996
Sun Feb 10 02:31:33 +0000 2019,281140497,1094423595554463744,39.95763,-83.01145
Sun Feb 10 02:09:30 +0000 2019,942461432855236609,1094418046104432640,39.95675,-83.00355
Sun Feb 10 02:02:40 +0000 2019,2331749618,1094416325969989632,39.9624,-82.9996
Sun Feb 10 01:39:03 +0000 2019,2331749618,1094410382540713984,39.9624,-82.9996
Sun Feb 10 01:31:51 +0000 2019,2611066014,1094408571591290880,39.9624,-82.9996
Sun Feb 10 01:31:22 +0000 2019,348255385,1094408450258350080,39.9624,-82.9996
Sun Feb 10 01:17:47 +0000 2019,21211742,1094405032114561024,39.9624,-82.9996
Sun Feb 10 01:15:51 +0000 2019,31028160,1094404546837676033,39.9624,-82.9996
Sun Feb 10 00:44:36 +0000 2019,17753760,1094396681498644481,39.96000075,-82.99898386
Sat Feb 09 23:56:25 +0000 2019,326248015,1094384556839325696,39.9624,-82.9996
Sat Feb 09 23:54:02 +0000 2019,339118376,1094383956617805825,39.9567,-83.0038
Sat Feb 09 23:21:23 +0000 2019,22426858,1094375739070152704,39.9611755,-82.9987942
Sat Feb 09 23:20:44 +0000 2019,23473569,1094375574787653632,39.9611755,-82.9987942
Sat Feb 09 23:17:41 +0000 2019,330373100,1094374806647160832,39.9624,-82.9996
Sat Feb 09 22:58:31 +0000 2019,339118376,1094369984082571264,39.9567,-83.0038
Sat Feb 09 22:45:48 +0000 2019,71721845,1094366782746329089,39.9611755,-82.9987942
Sat Feb 09 22:41:46 +0000 2019,344882579,1094365771772370950,39.96000075,-82.99898386
Sat Feb 09 22:37:30 +0000 2019,381139645,1094364695249780737,39.9624,-82.9996
Sat Feb 09 22:17:38 +0000 2019,37101536,1094359696734150656,39.95602,-83.0136
Sat Feb 09 22:11:40 +0000 2019,725723552431788032,1094358195143729152,39.9624,-82.9996
Sat Feb 09 21:29:58 +0000 2019,22976404,1094347702773604352,39.9611755,-82.9987942
Sat Feb 09 20:38:54 +0000 2019,22733920,1094334849886769152,39.9611755,-82.9987942
Sat Feb 09 20:38:18 +0000 2019,18069553,1094334698220908545,39.96000075,-82.99898386
Sat Feb 09 20:37:53 +0000 2019,57994489,1094334592671051777,39.96102885,-82.99884441
Sat Feb 09 20:24:12 +0000 2019,22149548,1094331148317016064,39.9611755,-82.9987942
Sat Feb 09 20:07:47 +0000 2019,23320531,1094327019100299264,39.9602601,-83.0092803
Sat Feb 09 19:47:58 +0000 2019,772671919,1094322030256771072,39.9576,-83.0116
Sat Feb 09 19:46:03 +0000 2019,772671919,1094321549551849472,39.9576,-83.0116
Sat Feb 09 19:38:55 +0000 2019,44149552,1094319753265479680,39.9624,-82.9996
Sat Feb 09 19:32:23 +0000 2019,37936115,1094318109488427008,39.9611755,-82.9987942
Sat Feb 09 19:29:13 +0000 2019,23234447,1094317311488479232,39.9611755,-82.9987942
Sat Feb 09 19:23:58 +0000 2019,74030988,1094315991197085696,39.9624,-82.9996
Sat Feb 09 19:16:12 +0000 2019,21195970,1094314038375239681,39.9611755,-82.9987942
Sat Feb 09 18:57:37 +0000 2019,18069553,1094309360203816960,39.95986,-82.99892
Sat Feb 09 18:51:29 +0000 2019,314161679,1094307817559736320,39.9611755,-82.9987942
Sat Feb 09 18:29:53 +0000 2019,20249452,1094302379975921664,39.9624,-82.9996
Sat Feb 09 18:14:07 +0000 2019,118562908,1094298413951152128,39.9611755,-82.9987942
Sat Feb 09 18:10:33 +0000 2019,22149548,1094297517515100161,39.9602601,-83.0092803
Sat Feb 09 18:04:35 +0000 2019,925744053223800832,1094296013446078464,39.9611755,-82.9987942
Sat Feb 09 17:52:11 +0000 2019,85623235,1094292893987004421,39.9624,-82.9996
Sat Feb 09 17:49:03 +0000 2019,23234447,1094292103306203136,39.9611755,-82.9987942
Sat Feb 09 17:46:17 +0000 2019,17975599,1094291410855948288,39.96000075,-82.99898386
Sat Feb 09 17:29:47 +0000 2019,3351367552,1094287254569345025,39.9624,-82.9996
Sat Feb 09 17:20:04 +0000 2019,40844092,1094284809801789441,39.9624,-82.9996
Sat Feb 09 17:19:02 +0000 2019,65378844,1094284552418349057,39.9576,-83.0116
Sat Feb 09 17:18:27 +0000 2019,22733920,1094284405013504001,39.9611755,-82.9987942
Sat Feb 09 16:59:33 +0000 2019,2731930901,1094279648173850626,39.9624,-82.9996
Sat Feb 09 16:58:09 +0000 2019,944473081,1094279294442971136,39.95621,-83.01232
Sat Feb 09 16:57:05 +0000 2019,944473081,1094279027072950272,39.95621,-83.01232
Sat Feb 09 16:46:29 +0000 2019,155695587,1094276358190977024,39.9624,-82.9996
Sat Feb 09 16:36:27 +0000 2019,216885888,1094273835262664705,39.9624,-82.9996
Sat Feb 09 16:35:36 +0000 2019,155695587,1094273622254903299,39.9624,-82.9996
Sat Feb 09 16:23:39 +0000 2019,2731930901,1094270615253528576,39.9624,-82.9996
Sat Feb 09 16:23:05 +0000 2019,155695587,1094270471153963008,39.9624,-82.9996
Sat Feb 09 16:08:58 +0000 2019,23234447,1094266919195009025,39.9611755,-82.9987942
Sat Feb 09 16:06:39 +0000 2019,188185944,1094266335360512000,39.9611755,-82.9987942
Sat Feb 09 15:58:07 +0000 2019,22149548,1094264189869207553,39.9611755,-82.9987942
Sat Feb 09 15:52:17 +0000 2019,22976404,1094262718121500672,39.9611755,-82.9987942
Sat Feb 09 15:17:03 +0000 2019,180018023,1094253854244331521,39.9611755,-82.9987942
Sat Feb 09 15:12:43 +0000 2019,21195890,1094252762513104906,39.9611755,-82.9987942
Sat Feb 09 15:01:56 +0000 2019,24448646,1094250049352028161,39.9624,-82.9996
Sat Feb 09 14:54:33 +0000 2019,89214630,1094248191283740679,39.9624,-82.9996
Sat Feb 09 14:37:57 +0000 2019,2884188333,1094244013497090050,39.9624,-82.9996
Sat Feb 09 14:33:02 +0000 2019,890017508195020800,1094242775250288641,39.95965068,-83.01110155
Sat Feb 09 14:07:00 +0000 2019,145055475,1094236223764393986,39.96000075,-82.99898386
Sat Feb 09 13:49:41 +0000 2019,37101536,1094231866763141120,39.95602,-83.0136
Sat Feb 09 13:40:45 +0000 2019,326248015,1094229617508900864,39.9624,-82.9996
Sat Feb 09 13:26:05 +0000 2019,748305746220064769,1094225925556879361,39.96438667,-83.00344722
Sat Feb 09 13:24:55 +0000 2019,57994489,1094225631880069120,39.96102885,-82.99884441
Sat Feb 09 13:21:12 +0000 2019,57994489,1094224698815045633,39.96102885,-82.99884441
Sat Feb 09 13:03:08 +0000 2019,22804391,1094220152596353024,39.9611755,-82.9987942
Sat Feb 09 13:01:00 +0000 2019,44941518,1094219616832970752,39.9597568,-82.9980672
Sat Feb 09 11:59:27 +0000 2019,1172324184,1094204124193730560,39.9624,-82.9996
Sat Feb 09 11:14:14 +0000 2019,942461432855236609,1094192748167540736,39.9624,-82.9996
Sat Feb 09 10:59:35 +0000 2019,40823663,1094189059143012352,39.9624,-82.9996
Sat Feb 09 09:03:55 +0000 2019,57994489,1094159949779808261,39.96102885,-82.99884441
Sat Feb 09 05:28:40 +0000 2019,83939074,1094105782025629696,39.95668,-82.99609
Sat Feb 09 05:16:21 +0000 2019,330373100,1094102680451121152,39.9624,-82.9996
Sat Feb 09 02:30:49 +0000 2019,83932375,1094061025882603521,39.95643,-82.99572
Sat Feb 09 01:35:53 +0000 2019,61486997,1094047200970080256,39.9624,-82.9996
Sat Feb 09 01:16:14 +0000 2019,3296779995,1094042255864680449,39.9624,-82.9996
Sat Feb 09 01:00:28 +0000 2019,581403546,1094038287180693505,39.95631,-82.995506
Sat Feb 09 00:50:58 +0000 2019,45235012,1094035896876249089,39.9624,-82.9996
Sat Feb 09 00:39:11 +0000 2019,15268115,1094032930492407808,39.95986,-82.99892
Sat Feb 09 00:27:55 +0000 2019,20271607,1094030094996099073,39.96000075,-82.99898386
Sat Feb 09 00:06:17 +0000 2019,138350409,1094024651817181184,39.9624,-82.9996
Sat Feb 09 00:05:23 +0000 2019,35477783,1094024424515235841,39.9624,-82.9996
Fri Feb 08 23:58:15 +0000 2019,390747900,1094022628854001664,39.9624,-82.9996
Fri Feb 08 23:57:51 +0000 2019,22733920,1094022527553220608,39.9602601,-83.0092803
Fri Feb 08 22:42:52 +0000 2019,118562908,1094003658067345409,39.9611755,-82.9987942
Fri Feb 08 22:37:32 +0000 2019,99878467,1094002315558715392,39.9611755,-82.9987942
Fri Feb 08 22:30:32 +0000 2019,925744053223800832,1094000556639547392,39.9611755,-82.9987942
Fri Feb 08 21:50:55 +0000 2019,21195890,1093990583922651137,39.9611755,-82.9987942
Fri Feb 08 21:29:02 +0000 2019,22976404,1093985078810570757,39.9602601,-83.0092803
Fri Feb 08 21:26:01 +0000 2019,37936115,1093984319599665152,39.9611755,-82.9987942
Fri Feb 08 21:20:11 +0000 2019,23234447,1093982849391157248,39.9611755,-82.9987942
Fri Feb 08 21:05:42 +0000 2019,23473569,1093979206646620160,39.9611755,-82.9987942
Fri Feb 08 20:48:35 +0000 2019,40029023,1093974899759042560,39.9624,-82.9996
Fri Feb 08 20:44:18 +0000 2019,21195890,1093973819826434048,39.9611755,-82.9987942
Fri Feb 08 20:32:55 +0000 2019,581228933,1093970956056330240,39.9611755,-82.9987942
Fri Feb 08 20:21:34 +0000 2019,22976404,1093968098812583938,39.9611755,-82.9987942
Fri Feb 08 20:07:01 +0000 2019,437198637,1093964439139713024,39.9624,-82.9996
Fri Feb 08 19:53:41 +0000 2019,147820159,1093961082341752832,39.9624,-82.9996
Fri Feb 08 19:41:58 +0000 2019,898857463,1093958132038942720,39.9624,-82.9996
Fri Feb 08 19:40:58 +0000 2019,155695587,1093957882360430597,39.9624,-82.9996
Fri Feb 08 19:37:14 +0000 2019,930134300598657027,1093956941515276300,39.9624,-82.9996
Fri Feb 08 19:23:41 +0000 2019,745857596700131329,1093953531956977664,39.9624,-82.9996
Fri Feb 08 18:59:45 +0000 2019,118562908,1093947509838237696,39.9611755,-82.9987942
Fri Feb 08 18:57:44 +0000 2019,57994489,1093947001702559744,39.96102885,-82.99884441
Fri Feb 08 18:48:51 +0000 2019,23214899,1093944768134955008,39.9611755,-82.9987942
Fri Feb 08 18:43:41 +0000 2019,23213147,1093943466713726976,39.9602601,-83.0092803
Fri Feb 08 18:13:53 +0000 2019,21211742,1093935966518214657,39.9624,-82.9996
Fri Feb 08 18:11:11 +0000 2019,71721845,1093935286835236864,39.9611755,-82.9987942
Fri Feb 08 18:10:29 +0000 2019,22149548,1093935112851312640,39.9611755,-82.9987942
Fri Feb 08 17:44:28 +0000 2019,17866318,1093928565811396609,39.9624,-82.9996
Fri Feb 08 17:24:41 +0000 2019,21195890,1093923586929188864,39.9611755,-82.9987942
Fri Feb 08 17:18:20 +0000 2019,22733920,1093921989314543616,39.9602601,-83.0092803
Fri Feb 08 17:17:02 +0000 2019,2980749760,1093921661164945410,39.9624,-82.9996
Fri Feb 08 17:01:38 +0000 2019,288297345,1093917786336829441,39.9624,-82.9996
Fri Feb 08 16:59:08 +0000 2019,22976404,1093917153886056448,39.9611755,-82.9987942
Fri Feb 08 16:56:05 +0000 2019,288297345,1093916386437394432,39.9624,-82.9996
Fri Feb 08 16:43:16 +0000 2019,28457303,1093913162347208704,39.9602601,-83.0092803
Fri Feb 08 15:45:31 +0000 2019,99878467,1093898628068851713,39.9611755,-82.9987942
Fri Feb 08 15:45:11 +0000 2019,43373046,1093898543495086081,39.9624,-82.9996
Fri Feb 08 15:40:52 +0000 2019,26604861,1093897458503958529,39.9624,-82.9996
Fri Feb 08 15:29:49 +0000 2019,257509781,1093894677445505024,39.9611755,-82.9987942
Fri Feb 08 14:55:08 +0000 2019,942461432855236609,1093885949312786433,39.9624,-82.9996
Fri Feb 08 14:49:13 +0000 2019,71721845,1093884459978391552,39.9611755,-82.9987942
Fri Feb 08 14:44:02 +0000 2019,22976404,1093883156938219521,39.9611755,-82.9987942
Fri Feb 08 14:40:02 +0000 2019,103721941,1093882147847524352,39.9624,-82.9996
Fri Feb 08 14:25:03 +0000 2019,378093907,1093878380859076608,39.9624,-82.9996
Fri Feb 08 14:21:39 +0000 2019,1172324184,1093877522385653761,39.9624,-82.9996
Fri Feb 08 13:50:58 +0000 2019,326248015,1093869801762516992,39.9624,-82.9996
Fri Feb 08 13:00:13 +0000 2019,24283302,1093857029163085824,39.9611755,-82.9987942
Fri Feb 08 12:54:19 +0000 2019,904282334,1093855546350829568,39.9624,-82.9996
Fri Feb 08 12:37:31 +0000 2019,57994489,1093851317640916992,39.96102885,-82.99884441
Fri Feb 08 12:27:57 +0000 2019,57994489,1093848908214595584,39.96102885,-82.99884441
Fri Feb 08 12:22:58 +0000 2019,2796047568,1093847655405375488,39.9624,-82.9996
Fri Feb 08 11:01:13 +0000 2019,942461432855236609,1093827081459232770,39.9624,-82.9996
Fri Feb 08 04:56:20 +0000 2019,57994489,1093735255905890305,39.96102885,-82.99884441
Fri Feb 08 04:51:06 +0000 2019,1140339054,1093733940215463936,39.9624,-82.9996
Fri Feb 08 04:17:22 +0000 2019,57994489,1093725449044221952,39.96102885,-82.99884441
Fri Feb 08 03:48:39 +0000 2019,201902189,1093718221956407296,39.9624,-82.9996
Fri Feb 08 03:19:35 +0000 2019,942461432855236609,1093710909942288384,39.9624,-82.9996
Fri Feb 08 02:58:38 +0000 2019,24327104,1093705638369062912,39.9624,-82.9996
Fri Feb 08 02:27:33 +0000 2019,82428287,1093697813748301824,39.9624,-82.9996
Fri Feb 08 02:24:08 +0000 2019,19652583,1093696953563529216,39.9624,-82.9996
Fri Feb 08 02:00:42 +0000 2019,46326119,1093691058284707842,39.9624,-82.9996
Fri Feb 08 01:58:00 +0000 2019,47172899,1093690376848793600,39.96000075,-82.99898386
Fri Feb 08 01:14:32 +0000 2019,37101536,1093679437390983168,39.95602,-83.0136
Fri Feb 08 00:36:16 +0000 2019,78213,1093669810444136448,39.96028111,-82.99909048
Fri Feb 08 00:30:12 +0000 2019,20491093,1093668281288925185,39.96000075,-82.99898386
Fri Feb 08 00:07:48 +0000 2019,20491093,1093662643238420480,39.96028111,-82.99909048
Fri Feb 08 00:04:49 +0000 2019,36721094,1093661895117193217,39.96028111,-82.99909048
Thu Feb 07 23:09:45 +0000 2019,486250701,1093648036104785921,39.9624,-82.9996
Thu Feb 07 23:03:15 +0000 2019,23234447,1093646400355627008,39.9611755,-82.9987942
Thu Feb 07 22:54:57 +0000 2019,22060116,1093644310585565184,39.9611755,-82.9987942
Thu Feb 07 22:52:02 +0000 2019,1140339054,1093643579023486976,39.9624,-82.9996
Thu Feb 07 22:48:36 +0000 2019,36721094,1093642713428361216,39.95934343,-83.0000131
Thu Feb 07 22:40:53 +0000 2019,188185944,1093640769657745408,39.9611755,-82.9987942
Thu Feb 07 22:36:25 +0000 2019,22149548,1093639648981598209,39.9602601,-83.0092803
Thu Feb 07 22:23:21 +0000 2019,54979435,1093636360504672256,39.9624,-82.9996
Thu Feb 07 22:18:00 +0000 2019,314161679,1093635011322904576,39.9611755,-82.9987942
Thu Feb 07 22:13:18 +0000 2019,99878467,1093633831997911040,39.9611755,-82.9987942
Thu Feb 07 22:08:01 +0000 2019,258098105,1093632500243415040,39.9624,-82.9996
Thu Feb 07 21:56:22 +0000 2019,104709658,1093629568655769603,39.961392,-82.999065
Thu Feb 07 21:52:11 +0000 2019,288297345,1093628518058082304,39.9624,-82.9996
Thu Feb 07 21:49:33 +0000 2019,112573719,1093627854363992066,39.9624,-82.9996
Thu Feb 07 21:42:50 +0000 2019,155695587,1093626161815420928,39.9624,-82.9996
Thu Feb 07 21:41:45 +0000 2019,23320531,1093625890234191872,39.9602601,-83.0092803
Thu Feb 07 21:35:28 +0000 2019,21196047,1093624308566437888,39.9602601,-83.0092803
Thu Feb 07 21:05:21 +0000 2019,43639228,1093616729811341312,39.9611755,-82.9987942
Thu Feb 07 20:57:58 +0000 2019,40844092,1093614871415934977,39.9624,-82.9996
Thu Feb 07 20:43:27 +0000 2019,21195890,1093611218919518208,39.9611755,-82.9987942
Thu Feb 07 20:37:17 +0000 2019,22733920,1093609664783179777,39.9602601,-83.0092803
Thu Feb 07 19:58:52 +0000 2019,43639228,1093599997658951683,39.9602601,-83.0092803
Thu Feb 07 19:30:28 +0000 2019,22733920,1093592853068926976,39.9602601,-83.0092803
Thu Feb 07 19:13:26 +0000 2019,22976404,1093588563688452096,39.9602601,-83.0092803
Thu Feb 07 18:55:43 +0000 2019,21195790,1093584107374690305,39.9611755,-82.9987942
Thu Feb 07 18:17:18 +0000 2019,22060116,1093574440544198657,39.9611755,-82.9987942
Thu Feb 07 17:45:06 +0000 2019,930775286,1093566333948776449,39.95326,-82.99622
Thu Feb 07 17:37:00 +0000 2019,104709658,1093564295500185601,39.961392,-82.999065
Thu Feb 07 17:36:41 +0000 2019,104709658,1093564215888175105,39.961392,-82.999065
Thu Feb 07 17:23:43 +0000 2019,21195890,1093560954342715393,39.9611755,-82.9987942
Thu Feb 07 17:16:51 +0000 2019,22733920,1093559225819656192,39.9611755,-82.9987942
Thu Feb 07 17:10:32 +0000 2019,230945165,1093557635448750082,39.96000075,-82.99898386
Thu Feb 07 16:55:03 +0000 2019,930775286,1093553739083010049,39.95326,-82.99622
Thu Feb 07 16:47:54 +0000 2019,330373100,1093551939063812096,39.9624,-82.9996
Thu Feb 07 16:07:55 +0000 2019,203628920,1093541879545659392,39.95389,-82.9992199
Thu Feb 07 15:53:32 +0000 2019,117868720,1093538259823583232,39.9611755,-82.9987942
Thu Feb 07 15:24:30 +0000 2019,896822971905560576,1093530951441936384,39.96029,-83.00063
Thu Feb 07 15:03:22 +0000 2019,896822971905560576,1093525632573530113,39.96029,-83.00063
Thu Feb 07 14:42:54 +0000 2019,23214899,1093520481351680000,39.9611755,-82.9987942
Thu Feb 07 14:14:55 +0000 2019,203628920,1093513441296302080,39.95503,-82.99987
Thu Feb 07 14:04:20 +0000 2019,27694505,1093510778982985733,39.9624,-82.9996
Thu Feb 07 14:00:09 +0000 2019,22864216,1093509725377900544,39.9611755,-82.9987942
Thu Feb 07 13:48:46 +0000 2019,37936115,1093506858415927296,39.9611755,-82.9987942
Thu Feb 07 13:39:00 +0000 2019,850740047729090569,1093504402923507712,39.9624,-82.9996
Thu Feb 07 12:04:21 +0000 2019,4785159856,1093480582477217792,39.9624,-82.9996
Thu Feb 07 10:56:30 +0000 2019,942461432855236609,1093463506207174656,39.9624,-82.9996
Thu Feb 07 10:50:40 +0000 2019,820560770052268032,1093462038414712832,39.9624,-82.9996
Thu Feb 07 09:53:11 +0000 2019,57994489,1093447574856523777,39.96196,-83.00133
Thu Feb 07 06:11:16 +0000 2019,57994489,1093391727019274240,39.96250068,-83.00222397
Thu Feb 07 05:46:28 +0000 2019,104709658,1093385483512676353,39.961392,-82.999065
Thu Feb 07 03:21:40 +0000 2019,785315365,1093349046469545984,39.9611755,-82.9987942
Thu Feb 07 03:20:42 +0000 2019,24448646,1093348803468439552,39.9624,-83.002
Thu Feb 07 03:19:36 +0000 2019,15208733,1093348526929702912,39.9624,-82.9996
Thu Feb 07 03:16:22 +0000 2019,104709658,1093347711837982720,39.961392,-82.999065
Thu Feb 07 03:16:13 +0000 2019,104709658,1093347671748812800,39.961392,-82.999065
Thu Feb 07 02:16:17 +0000 2019,104709658,1093332590210269187,39.961392,-82.999065
Thu Feb 07 02:02:57 +0000 2019,914943715,1093329235618390016,39.9624,-82.9996
Thu Feb 07 01:56:22 +0000 2019,104709658,1093327577585012737,39.961392,-82.999065
Thu Feb 07 01:56:11 +0000 2019,14599963,1093327532345167872,39.96556991,-83.01012448
Thu Feb 07 01:19:37 +0000 2019,2312536428,1093318330235027456,39.9624,-82.9996
Thu Feb 07 00:56:22 +0000 2019,104709658,1093312477671100416,39.961392,-82.999065
Thu Feb 07 00:26:12 +0000 2019,104709658,1093304889617330176,39.961392,-82.999065
Thu Feb 07 00:20:22 +0000 2019,253904330,1093303421527093248,39.96000075,-82.99898386
Thu Feb 07 00:06:12 +0000 2019,104709658,1093299855689162752,39.961392,-82.999065
Thu Feb 07 00:03:43 +0000 2019,503590632,1093299229764788225,39.962941,-82.99693889
Wed Feb 06 23:49:14 +0000 2019,22632993,1093295585183129600,39.95683646,-83.01086388
Wed Feb 06 23:48:03 +0000 2019,295795110,1093295285374054402,39.9624,-82.9996
Wed Feb 06 23:38:42 +0000 2019,930775286,1093292932315136001,39.95115,-83.01437
Wed Feb 06 23:29:03 +0000 2019,22060116,1093290506698711040,39.9611755,-82.9987942
Wed Feb 06 23:12:02 +0000 2019,930775286,1093286223098118144,39.95115,-83.01437
Wed Feb 06 23:06:41 +0000 2019,104709658,1093284877099782144,39.961392,-82.999065
Wed Feb 06 22:58:30 +0000 2019,118562908,1093282816186507264,39.9611755,-82.9987942
Wed Feb 06 22:39:51 +0000 2019,21196047,1093278124760944640,39.9611755,-82.9987942
Wed Feb 06 22:33:47 +0000 2019,21195970,1093276598176903168,39.959765,-83.0004234
Wed Feb 06 22:29:18 +0000 2019,55232208,1093275467904372736,39.9624,-82.9996
Wed Feb 06 22:28:17 +0000 2019,437198637,1093275214933221376,39.9624,-82.9996
Wed Feb 06 22:16:46 +0000 2019,104709658,1093272314119106560,39.961392,-82.999065
Wed Feb 06 21:56:21 +0000 2019,104709658,1093267178198106112,39.961392,-82.999065
Wed Feb 06 21:52:24 +0000 2019,180018023,1093266181279014912,39.9611755,-82.9987942
Wed Feb 06 21:42:35 +0000 2019,22733920,1093263710578139136,39.9602601,-83.0092803
Wed Feb 06 20:56:29 +0000 2019,150018381,1093252110282620943,39.9624,-82.9996
Wed Feb 06 20:03:07 +0000 2019,493196835,1093238680033153028,39.9624,-82.9996
Wed Feb 06 19:31:09 +0000 2019,117868720,1093230637056589824,39.9611755,-82.9987942
Wed Feb 06 19:22:59 +0000 2019,118562908,1093228580606140416,39.9611755,-82.9987942
Wed Feb 06 19:13:40 +0000 2019,19825403,1093226236313329666,39.9624,-82.9996
Wed Feb 06 18:53:23 +0000 2019,3866258417,1093221130469498880,39.9624,-82.9996
Wed Feb 06 18:06:30 +0000 2019,21195970,1093209331699408896,39.9611755,-82.9987942
Wed Feb 06 17:54:31 +0000 2019,1540092294,1093206318519803904,39.9624,-82.9996
Wed Feb 06 17:17:55 +0000 2019,238818218,1093197106829873152,39.9624,-82.9996
Wed Feb 06 16:35:56 +0000 2019,15870312,1093186541164421120,39.9624,-82.9996
Wed Feb 06 16:01:08 +0000 2019,518816633,1093177782811676672,39.9624,-82.9996
Wed Feb 06 15:49:24 +0000 2019,22976404,1093174829140783106,39.9611755,-82.9987942
Wed Feb 06 15:39:09 +0000 2019,456445050,1093172251720077312,39.9573899,-83.01094
Wed Feb 06 15:26:43 +0000 2019,43639228,1093169121884233728,39.9611755,-82.9987942
Wed Feb 06 15:18:11 +0000 2019,22504772,1093166976069861376,39.9624,-82.9996
Wed Feb 06 15:14:52 +0000 2019,40844092,1093166138421334016,39.9624,-82.9996
Wed Feb 06 15:03:08 +0000 2019,314161679,1093163187417935872,39.9611755,-82.9987942
Wed Feb 06 14:54:28 +0000 2019,2162960240,1093161007382441984,39.9624,-82.9996
Wed Feb 06 13:05:38 +0000 2019,155695587,1093133618174517248,39.9624,-82.9996
Wed Feb 06 12:53:34 +0000 2019,57994489,1093130579250278402,39.96250068,-83.00222397
Wed Feb 06 10:31:59 +0000 2019,942461432855236609,1093094950588174337,39.9624,-82.9996
Wed Feb 06 07:19:32 +0000 2019,3896855140,1093046518548971520,39.95817662,-83.0176926
Wed Feb 06 06:59:36 +0000 2019,57994489,1093041503859990528,39.96271,-83.00341
Wed Feb 06 05:33:36 +0000 2019,30160688,1093019859112288261,39.9624,-82.9996
Wed Feb 06 03:53:15 +0000 2019,239442621,1092994605304360960,39.9624,-82.9996
Wed Feb 06 02:34:02 +0000 2019,1017398232966627328,1092974671778086913,39.9624,-82.9996
Wed Feb 06 01:50:20 +0000 2019,80053171,1092963672907870209,39.9624,-82.9996
Wed Feb 06 01:49:22 +0000 2019,1017398232966627328,1092963430032596993,39.9624,-82.9996
Wed Feb 06 01:40:26 +0000 2019,88723083,1092961181252313089,39.9624,-82.9996
Wed Feb 06 00:50:53 +0000 2019,30160688,1092948712018522117,39.9624,-82.9996
Wed Feb 06 00:16:38 +0000 2019,19111236,1092940092996374530,39.95986,-82.99892
Wed Feb 06 00:15:17 +0000 2019,2312536428,1092939750959431680,39.96000075,-82.99898386
Wed Feb 06 00:13:39 +0000 2019,303433655,1092939341054312448,39.96000075,-82.99898386
Tue Feb 05 23:36:50 +0000 2019,930775286,1092930077237673989,39.95115,-83.01437
Tue Feb 05 23:11:25 +0000 2019,43639228,1092923681876041728,39.9611755,-82.9987942
Tue Feb 05 22:54:39 +0000 2019,282097949,1092919461412249601,39.95686,-83.01657
Tue Feb 05 22:54:07 +0000 2019,21195890,1092919325814484992,39.9611755,-82.9987942
Tue Feb 05 22:51:28 +0000 2019,348255385,1092918657926262790,39.9624,-82.9996
Tue Feb 05 22:49:37 +0000 2019,99156545,1092918193570672641,39.96219,-83.00213
Tue Feb 05 22:33:31 +0000 2019,21195790,1092914141470154752,39.9611755,-82.9987942
Tue Feb 05 22:31:29 +0000 2019,18295688,1092913631874797569,39.9624,-82.9996
Tue Feb 05 22:11:42 +0000 2019,118562908,1092908651444981761,39.9611755,-82.9987942
Tue Feb 05 22:06:12 +0000 2019,104709658,1092907265575845888,39.961392,-82.999065
Tue Feb 05 22:04:50 +0000 2019,43639228,1092906923739869184,39.9611755,-82.9987942
Tue Feb 05 21:56:45 +0000 2019,104709658,1092904888688959493,39.961392,-82.999065
Tue Feb 05 21:56:07 +0000 2019,104709658,1092904728655212547,39.961392,-82.999065
Tue Feb 05 21:47:39 +0000 2019,104709658,1092902597596450817,39.961392,-82.999065
Tue Feb 05 21:47:24 +0000 2019,104709658,1092902537664053250,39.961392,-82.999065
Tue Feb 05 21:46:47 +0000 2019,21195890,1092902381715476480,39.9611755,-82.9987942
Tue Feb 05 21:41:50 +0000 2019,903926353,1092901135285800960,39.9611755,-82.9987942
Tue Feb 05 21:32:38 +0000 2019,793777357,1092898822018088960,39.9611755,-82.9987942
Tue Feb 05 21:32:19 +0000 2019,850740047729090569,1092898740854243330,39.9624,-82.9996
Tue Feb 05 21:22:04 +0000 2019,22976404,1092896161969520640,39.9602601,-83.0092803
Tue Feb 05 21:05:30 +0000 2019,295795110,1092891991057195008,39.9624,-82.9996
Tue Feb 05 20:18:28 +0000 2019,22149548,1092880154060251136,39.9611755,-82.9987942
Tue Feb 05 19:33:42 +0000 2019,21195890,1092868890399571973,39.9611755,-82.9987942
Tue Feb 05 19:26:27 +0000 2019,104709658,1092867063222284288,39.961392,-82.999065
Tue Feb 05 19:07:59 +0000 2019,23320531,1092862418307317760,39.9602601,-83.0092803
Tue Feb 05 18:53:59 +0000 2019,118562908,1092858893791711232,39.9611755,-82.9987942
Tue Feb 05 18:09:03 +0000 2019,942461432855236609,1092847587701518336,39.9624,-82.9996
Tue Feb 05 17:40:12 +0000 2019,28457303,1092840324479610880,39.9611755,-82.9987942
Tue Feb 05 17:38:48 +0000 2019,43639228,1092839974158757888,39.9611755,-82.9987942
Tue Feb 05 17:34:09 +0000 2019,581403546,1092838804258353152,39.9624,-82.9996
Tue Feb 05 16:57:43 +0000 2019,22149548,1092829636457709568,39.9611755,-82.9987942
Tue Feb 05 16:50:01 +0000 2019,14869861,1092827699578589184,39.9624,-82.9996
Tue Feb 05 16:23:25 +0000 2019,57994489,1092821004454223872,39.9604,-83.0025
Tue Feb 05 16:09:32 +0000 2019,2246313732,1092817510351527936,39.9624,-82.9996
Tue Feb 05 15:52:16 +0000 2019,71721845,1092813162770886656,39.9611755,-82.9987942
Tue Feb 05 15:50:58 +0000 2019,22149548,1092812838618296321,39.9602601,-83.0092803
Tue Feb 05 15:37:15 +0000 2019,118562908,1092809384294416384,39.9611755,-82.9987942
Tue Feb 05 15:02:10 +0000 2019,21195890,1092800558149394434,39.9611755,-82.9987942
Tue Feb 05 14:02:55 +0000 2019,196279557,1092785645095837696,39.9624,-82.9996
Tue Feb 05 13:31:01 +0000 2019,493942205,1092777617512644608,39.9624,-82.9996
Tue Feb 05 12:40:24 +0000 2019,942461432855236609,1092764878014681093,39.9624,-82.9996
Tue Feb 05 12:39:13 +0000 2019,57994489,1092764583494729729,39.95653032,-83.00406933
Tue Feb 05 12:29:18 +0000 2019,284531638,1092762087414214656,39.9624,-82.9996
Tue Feb 05 11:16:10 +0000 2019,1062150990,1092743681117810691,39.9624,-82.9996
Tue Feb 05 10:50:02 +0000 2019,942461432855236609,1092737102935027712,39.9624,-82.9996
Tue Feb 05 07:17:05 +0000 2019,57994489,1092683515160743936,39.9604,-83.0025
Tue Feb 05 07:12:56 +0000 2019,57994489,1092682470493904896,39.9604,-83.0025
Tue Feb 05 05:34:41 +0000 2019,61219676,1092657744279031818,39.95667,-82.99608
Tue Feb 05 03:57:28 +0000 2019,198779171,1092633279809929222,39.9624,-82.9996
Sun Feb 10 18:45:30 +0000 2019,21442049,1094668699607412736,39.93327388,-82.9017419
Wed Feb 06 13:42:36 +0000 2019,930775286,1093142918800510976,39.93183,-82.91579
Sun Feb 03 22:31:09 +0000 2019,43412584,1092188770948923393,39.93932541,-82.90750091
Fri Feb 01 22:27:39 +0000 2019,930775286,1091463115991068672,39.93183,-82.91579
Fri Feb 01 22:26:58 +0000 2019,930775286,1091462940493008906,39.93183,-82.91579
Fri Feb 01 07:32:49 +0000 2019,930775286,1091237922811101184,39.93183,-82.91579
Sun Feb 10 20:00:03 +0000 2019,224741627,1094687461479829504,39.94752,-82.9975599
Fri Feb 08 19:52:14 +0000 2019,930775286,1093960716690829314,39.93954,-83.00963
Fri Feb 08 19:38:58 +0000 2019,930775286,1093957378989572096,39.93954,-83.00963
Fri Feb 08 18:16:57 +0000 2019,930775286,1093936740069502977,39.93954,-83.00963
Fri Feb 08 17:49:05 +0000 2019,930775286,1093929724194230272,39.93954,-83.00963
Wed Feb 06 23:38:42 +0000 2019,930775286,1093292932315136001,39.95115,-83.01437
Wed Feb 06 23:12:02 +0000 2019,930775286,1093286223098118144,39.95115,-83.01437
Wed Feb 06 14:36:39 +0000 2019,930775286,1093156524522913792,39.9505,-83.01606
Wed Feb 06 13:50:44 +0000 2019,930775286,1093144969081225217,39.9505,-83.01606
Wed Feb 06 13:44:57 +0000 2019,930775286,1093143510067408902,39.9505,-83.01606
Wed Feb 06 02:27:25 +0000 2019,930775286,1092973005842640898,39.9505,-83.01606
Tue Feb 05 23:36:50 +0000 2019,930775286,1092930077237673989,39.95115,-83.01437
Sun Feb 03 06:28:50 +0000 2019,930775286,1091946594356916224,39.94661,-83.01424
Sun Feb 03 04:58:41 +0000 2019,18234869,1091923907450331137,39.94944566,-82.99586478
Sun Feb 03 02:31:32 +0000 2019,930775286,1091886878901571584,39.93968,-83.01478
Sat Feb 02 22:35:14 +0000 2019,18234869,1091827411321274368,39.94944566,-82.99586478
Sat Feb 02 22:29:25 +0000 2019,18234869,1091825946326315008,39.94944566,-82.99586478
Sat Feb 02 15:18:30 +0000 2019,140115773,1091717504441991168,39.94971039,-83.00784928
Fri Feb 01 17:00:28 +0000 2019,930775286,1091380776871043072,39.95115,-83.01437
Fri Feb 01 16:44:39 +0000 2019,930775286,1091376793825746956,39.95115,-83.01437
Fri Feb 01 16:03:04 +0000 2019,930775286,1091366329611939840,39.95115,-83.01437
Fri Feb 01 15:51:25 +0000 2019,930775286,1091363399517290496,39.95115,-83.01437
Fri Feb 01 14:56:17 +0000 2019,618508321,1091349523853656064,39.9491542,-83.00034068
Wed Feb 06 13:10:48 +0000 2019,930775286,1093134919214211075,40.03704,-82.90266
Wed Feb 06 11:31:25 +0000 2019,930775286,1093109906436173824,40.03704,-82.90266
Sat Feb 02 20:20:09 +0000 2019,930775286,1091793415661072384,40.03704,-82.90266
Sat Feb 02 20:19:36 +0000 2019,930775286,1091793278033428480,40.03704,-82.90266
Sat Feb 02 19:53:57 +0000 2019,930775286,1091786822810783745,40.03704,-82.90266
Sat Feb 02 19:48:40 +0000 2019,930775286,1091785491077349378,40.03704,-82.90266
Sat Feb 02 08:39:21 +0000 2019,930775286,1091617052769636353,40.03704,-82.90266
Fri Feb 01 17:57:54 +0000 2019,930775286,1091395229582848001,40.03704,-82.90266
Fri Feb 01 17:27:08 +0000 2019,930775286,1091387488206245889,40.03704,-82.90266
Fri Feb 08 19:50:31 +0000 2019,930775286,1093960286078410754,39.98062,-82.9567
Fri Feb 08 17:30:01 +0000 2019,2246313732,1093924929244782592,39.96727,-82.96089
Thu Feb 07 13:56:08 +0000 2019,930775286,1093508714991177728,39.96923,-82.95025
Wed Feb 06 20:13:57 +0000 2019,930775286,1093241407165399047,39.98062,-82.9567
Wed Feb 06 17:35:00 +0000 2019,896822971905560576,1093201406008414209,39.96808,-82.95203
Wed Feb 06 01:28:29 +0000 2019,2926285222,1092958172128600064,39.97004,-82.95663
Tue Feb 05 14:18:47 +0000 2019,61176310,1092789640166162432,39.97252,-82.96457
Mon Feb 04 17:55:09 +0000 2019,43412584,1092481701215752192,39.96630917,-82.94922672
Mon Feb 04 15:05:33 +0000 2019,2317370142,1092439018510446592,39.9687904,-82.9619975
Mon Feb 04 02:08:37 +0000 2019,16437770,1092243497363501056,39.97416,-82.96232
Sat Feb 02 21:42:30 +0000 2019,258851325,1091814140128256000,39.96727,-82.96089
Sat Feb 02 21:24:53 +0000 2019,241146858,1091809706472103938,39.968449,-82.950203
Sat Feb 02 20:21:13 +0000 2019,2926285222,1091793684889325570,39.97004,-82.95663
Fri Feb 01 14:04:29 +0000 2019,930775286,1091336486811770880,39.98062,-82.9567
Fri Feb 01 13:41:48 +0000 2019,930775286,1091330780201082880,39.98062,-82.9567
Fri Feb 01 12:33:02 +0000 2019,930775286,1091313474578403329,39.98062,-82.9567
Fri Feb 08 19:09:31 +0000 2019,608701332,1093949967457271809,39.962463,-82.96086
Thu Feb 07 14:13:25 +0000 2019,18709160,1093513064320708608,39.96244,-82.94796
Thu Feb 07 10:33:30 +0000 2019,63830370,1093457719028109312,39.95757241,-82.9385657
Wed Feb 06 19:10:10 +0000 2019,2871627629,1093225355786182656,39.95723,-82.93974
Wed Feb 06 17:35:00 +0000 2019,896822971905560576,1093201406008414209,39.96808,-82.95203
Wed Feb 06 14:50:08 +0000 2019,2267819893,1093159917697916935,39.95732,-82.93831
Tue Feb 05 23:46:04 +0000 2019,355283109,1092932400479420417,39.95724,-82.93999
Mon Feb 04 21:24:32 +0000 2019,930775286,1092534396031303680,39.95764,-82.95877
Mon Feb 04 17:55:09 +0000 2019,43412584,1092481701215752192,39.96630917,-82.94922672
Sun Feb 03 18:04:12 +0000 2019,2871627629,1092121590588796928,39.95723,-82.93974
Sun Feb 03 00:23:49 +0000 2019,19321576,1091854735316058113,39.95745918,-82.93891623
Sun Feb 03 00:06:59 +0000 2019,577587668,1091850501136703488,39.95723,-82.93974
Sat Feb 02 21:24:53 +0000 2019,241146858,1091809706472103938,39.968449,-82.950203
Sat Feb 02 00:57:28 +0000 2019,29693544,1091500818723938305,39.957882,-82.937813
Fri Feb 01 15:35:53 +0000 2019,21195970,1091359488341291014,40.0308629,-82.9634718
Sat Feb 09 19:33:09 +0000 2019,141693562,1094318304649457670,40.084915,-83.091543
Sat Feb 09 19:18:43 +0000 2019,71721845,1094314671820046336,40.092565,-83.0941828
Sat Feb 09 02:52:55 +0000 2019,703702579,1094066585755541505,40.09326874,-83.08293767
Fri Feb 08 05:16:24 +0000 2019,703702579,1093740305961103365,40.09326874,-83.08293767
Thu Feb 07 18:10:30 +0000 2019,703702579,1093572725451472896,40.09326874,-83.08293767
Thu Feb 07 02:22:57 +0000 2019,442778967,1093334268653166593,40.09373103,-83.09083611
Wed Feb 06 12:43:59 +0000 2019,930775286,1093128167299182592,40.08529,-83.09218
Wed Feb 06 01:53:16 +0000 2019,703702579,1092964411700961281,40.09326874,-83.08293767
Tue Feb 05 18:07:36 +0000 2019,703702579,1092847222096519169,40.09326874,-83.08293767
Mon Feb 04 22:29:29 +0000 2019,22366062,1092550739216351233,40.0990937,-83.1873377
Sun Feb 10 17:06:45 +0000 2019,808463449999245313,1094643847995375617,39.9572149,-82.9337237
Sun Feb 10 04:15:26 +0000 2019,2171003029,1094449739242717185,39.95508574,-82.93683215
Sat Feb 09 02:17:03 +0000 2019,124474591,1094057559223349249,39.9604,-82.9219
Fri Feb 08 17:36:25 +0000 2019,15467654,1093926536376246273,39.95947,-82.93428
Thu Feb 07 23:22:52 +0000 2019,15467654,1093651337022033920,39.95947,-82.93428
Thu Feb 07 17:36:24 +0000 2019,15467654,1093564146736455680,39.95947,-82.93428
Thu Feb 07 16:55:10 +0000 2019,808463449999245313,1093553770699677696,39.9572149,-82.9337237
Thu Feb 07 15:48:10 +0000 2019,2977068203,1093536909886935040,39.95717,-82.92424
Thu Feb 07 10:33:30 +0000 2019,63830370,1093457719028109312,39.95757241,-82.9385657
Thu Feb 07 06:38:45 +0000 2019,818597386176069633,1093398641966870528,39.9565277,-82.9252352
Wed Feb 06 21:47:57 +0000 2019,15467654,1093265064000348160,39.95947,-82.93428
Fri Feb 08 02:09:33 +0000 2019,3224536274,1093693283870494720,39.99397,-83.11327
Sun Feb 03 17:02:28 +0000 2019,930775286,1092106053892931585,40.00246,-83.1184
Fri Feb 01 14:10:53 +0000 2019,930775286,1091338099546820608,40.00273,-83.12319
Mon Feb 04 21:34:56 +0000 2019,125069040,1092537011075014657,39.98660842,-82.90277394
Sat Feb 09 23:49:01 +0000 2019,64813691,1094382693972934656,40.0898,-83.0535
Sat Feb 09 23:30:07 +0000 2019,64813691,1094377936025776128,40.0898,-83.0535
Sat Feb 09 23:28:04 +0000 2019,64813691,1094377420071800833,40.0898,-83.0535
Sat Feb 09 23:27:02 +0000 2019,64813691,1094377160314417160,40.0898,-83.0535
Sat Feb 09 22:58:10 +0000 2019,64813691,1094369896631283714,40.0898,-83.0535
Sat Feb 09 22:57:21 +0000 2019,64813691,1094369691932463106,40.0898,-83.0535
Sat Feb 09 22:56:04 +0000 2019,64813691,1094369367922524161,40.0898,-83.0535
Sat Feb 09 22:32:48 +0000 2019,64813691,1094363515077435392,40.0898,-83.0535
Fri Feb 01 12:38:37 +0000 2019,34936522,1091314878604820480,40.09,-83.05
Sun Feb 10 04:15:26 +0000 2019,2171003029,1094449739242717185,39.95508574,-82.93683215
Fri Feb 08 23:56:04 +0000 2019,90438864,1094022081212231680,39.9428479,-82.9430089
Fri Feb 08 14:49:57 +0000 2019,930775286,1093884644095873024,39.94838,-82.94353
Fri Feb 08 14:49:24 +0000 2019,930775286,1093884505146957824,39.94838,-82.94353
Fri Feb 08 12:57:06 +0000 2019,930775286,1093856245134647296,39.94838,-82.94353
Fri Feb 08 12:54:09 +0000 2019,930775286,1093855503216791553,39.94838,-82.94353
Fri Feb 08 12:53:01 +0000 2019,930775286,1093855219362996225,39.94838,-82.94353
Sun Feb 03 16:23:37 +0000 2019,43412584,1092096280073916417,39.94859234,-82.94192653
Sat Feb 02 15:22:04 +0000 2019,1546143998,1091718402530410498,39.95508574,-82.93683215
Sat Feb 02 15:11:47 +0000 2019,355283109,1091715811742408704,39.95508574,-82.93683215
Sat Feb 02 12:34:04 +0000 2019,930775286,1091676121110900736,39.94838,-82.94353
Fri Feb 01 11:50:38 +0000 2019,930775286,1091302804499714051,39.95084,-82.94429
Fri Feb 01 04:32:53 +0000 2019,930775286,1091192638857011202,39.94838,-82.94353
Fri Feb 08 19:09:31 +0000 2019,608701332,1093949967457271809,39.962463,-82.96086
Fri Feb 08 17:51:13 +0000 2019,930775286,1093930261333635073,39.9536,-82.95892
Fri Feb 08 17:30:01 +0000 2019,2246313732,1093924929244782592,39.96727,-82.96089
Thu Feb 07 14:13:25 +0000 2019,18709160,1093513064320708608,39.96244,-82.94796
Wed Feb 06 23:08:58 +0000 2019,930775286,1093285452767997952,39.95342,-82.95893
Wed Feb 06 22:23:02 +0000 2019,930775286,1093273892389556230,39.95342,-82.95893
Wed Feb 06 18:47:41 +0000 2019,930775286,1093219696365596672,39.9536,-82.95892
Wed Feb 06 17:37:44 +0000 2019,930775286,1093202093228392449,39.9536,-82.95892
Wed Feb 06 17:35:00 +0000 2019,896822971905560576,1093201406008414209,39.96808,-82.95203
Wed Feb 06 17:01:25 +0000 2019,930775286,1093192953584119810,39.9536,-82.95892
Mon Feb 04 21:24:32 +0000 2019,930775286,1092534396031303680,39.95764,-82.95877
Mon Feb 04 17:55:09 +0000 2019,43412584,1092481701215752192,39.96630917,-82.94922672
Mon Feb 04 14:53:26 +0000 2019,930775286,1092435968571760640,39.9536,-82.95892
Mon Feb 04 13:08:57 +0000 2019,930775286,1092409675671322630,39.9536,-82.95892
Mon Feb 04 12:25:09 +0000 2019,930775286,1092398653698908160,39.9536,-82.95892
Sat Feb 02 21:42:30 +0000 2019,258851325,1091814140128256000,39.96727,-82.96089
Sat Feb 02 08:33:13 +0000 2019,930775286,1091615509332795392,39.95363,-82.96105
Thu Feb 07 18:08:02 +0000 2019,21195970,1093572104841097216,39.9349603,-82.9831977
time,userid,id,lat,lngtime,userid,id,lat,lngtime,userid,id,lat,lngtime,userid,id,lat,lngtime,userid,id,lat,lngtime,userid,id,lat,lngtime,userid,id,lat,lngtime,userid,id,lat,lngtime,userid,id,lat,lngtime,userid,id,lat,lng