time,userid,id,lat,lngtime,userid,id,lat,lngSun Feb 10 21:49:10 +0000 2019,348799939,1094714919965077504,40.00763153,-83.0249757
Sun Feb 10 20:00:31 +0000 2019,483530365,1094687579197325312,40.01242591,-83.02448446
Sun Feb 10 19:04:06 +0000 2019,520732898,1094673379888574470,40.00142341,-83.01441447
Sun Feb 10 19:02:26 +0000 2019,520732898,1094672960890097664,40.00142341,-83.01441447
Sun Feb 10 18:37:46 +0000 2019,2508217650,1094666751659462656,40.01242591,-83.02448446
Sun Feb 10 18:35:45 +0000 2019,505092291,1094666245092315137,40.00142341,-83.01441447
Sun Feb 10 16:39:03 +0000 2019,1434029570,1094636877494214656,40.00535591,-83.01927931
Sun Feb 10 03:56:09 +0000 2019,2268595700,1094444886709886976,40.00142341,-83.01441447
Sun Feb 10 03:15:22 +0000 2019,2436907127,1094434622362968065,40.00142341,-83.01441447
Sun Feb 10 02:24:27 +0000 2019,184858805,1094421808076357632,40.00479,-83.01661
Sat Feb 09 23:18:24 +0000 2019,2268156396,1094374988314898432,40.0053451,-83.02014301
Sat Feb 09 16:45:41 +0000 2019,560664938,1094276159104114689,40.00142341,-83.01441447
Sat Feb 09 12:45:31 +0000 2019,2361114273,1094215720353714176,40.00535591,-83.01927931
Sat Feb 09 10:12:29 +0000 2019,245061836,1094177204852781056,40.00142341,-83.01441447
Sat Feb 09 06:36:38 +0000 2019,258183268,1094122884287520768,40.00142341,-83.01441447
Sat Feb 09 03:34:27 +0000 2019,556288882,1094077036887388161,40.00142341,-83.01441447
Sat Feb 09 03:33:04 +0000 2019,14969388,1094076690937139200,40.0155,-83.0117
Sat Feb 09 02:09:40 +0000 2019,173708764,1094055703482789888,40.01522,-83.01136
Sat Feb 09 02:03:30 +0000 2019,102772144,1094054151468675072,40.00535591,-83.01927931
Sat Feb 09 01:29:52 +0000 2019,519902397,1094045686021054464,40.00142341,-83.01441447
Fri Feb 08 17:34:11 +0000 2019,499917974,1093925976411648000,40.00451997,-83.01554815
Fri Feb 08 16:21:04 +0000 2019,44755379,1093907576079568897,40.00142341,-83.01441447
Fri Feb 08 03:30:41 +0000 2019,582982977,1093713702988075008,40.00763153,-83.0249757
Fri Feb 08 03:02:26 +0000 2019,45947608,1093706593638723589,40.00763153,-83.0249757
Sat Feb 09 22:17:38 +0000 2019,37101536,1094359696734150656,39.95602,-83.0136
Sat Feb 09 14:56:38 +0000 2019,230944479,1094248713378181120,39.95853146,-83.02908901
Sat Feb 09 13:49:41 +0000 2019,37101536,1094231866763141120,39.95602,-83.0136
Fri Feb 08 01:14:32 +0000 2019,37101536,1093679437390983168,39.95602,-83.0136
Thu Feb 07 18:00:52 +0000 2019,2359514174,1093570304805359616,39.9522121,-83.0340374
Thu Feb 07 00:07:02 +0000 2019,2192722620,1093300063693139969,39.95902,-83.03416
Wed Feb 06 23:56:57 +0000 2019,2192722620,1093297525719629825,39.95902,-83.03416
Wed Feb 06 23:38:42 +0000 2019,930775286,1093292932315136001,39.95115,-83.01437
Wed Feb 06 23:12:02 +0000 2019,930775286,1093286223098118144,39.95115,-83.01437
Wed Feb 06 14:36:39 +0000 2019,930775286,1093156524522913792,39.9505,-83.01606
Wed Feb 06 13:50:44 +0000 2019,930775286,1093144969081225217,39.9505,-83.01606
Wed Feb 06 13:44:57 +0000 2019,930775286,1093143510067408902,39.9505,-83.01606
Wed Feb 06 07:19:32 +0000 2019,3896855140,1093046518548971520,39.95817662,-83.0176926
Wed Feb 06 02:40:45 +0000 2019,55206265,1092976362430722048,39.95153083,-83.02762
Wed Feb 06 02:34:55 +0000 2019,55206265,1092974893631713280,39.95153083,-83.02762
Wed Feb 06 02:27:25 +0000 2019,930775286,1092973005842640898,39.9505,-83.01606
Tue Feb 05 23:36:50 +0000 2019,930775286,1092930077237673989,39.95115,-83.01437
Tue Feb 05 22:54:39 +0000 2019,282097949,1092919461412249601,39.95686,-83.01657
Tue Feb 05 18:01:07 +0000 2019,2359514174,1092845590462058496,39.9522016,-83.0340788
Mon Feb 04 21:39:32 +0000 2019,442125821,1092538168795189254,39.95611178,-83.03141845
Mon Feb 04 18:00:51 +0000 2019,2359514174,1092483134237622272,39.9519135,-83.0345089
Sun Feb 03 00:21:02 +0000 2019,17068617,1091854035638996992,39.946406,-83.028217
Sat Feb 02 22:16:53 +0000 2019,850740047729090569,1091822794092929025,39.95922011,-83.034128
Fri Feb 01 19:01:23 +0000 2019,2359514174,1091411203992231936,39.9522178,-83.0341286
Fri Feb 01 17:00:28 +0000 2019,930775286,1091380776871043072,39.95115,-83.01437
Fri Feb 01 16:44:39 +0000 2019,930775286,1091376793825746956,39.95115,-83.01437
Fri Feb 01 16:03:04 +0000 2019,930775286,1091366329611939840,39.95115,-83.01437
Fri Feb 01 15:51:25 +0000 2019,930775286,1091363399517290496,39.95115,-83.01437
Fri Feb 01 14:40:48 +0000 2019,930775286,1091345627286364160,39.95537,-83.01816
Fri Feb 01 14:15:20 +0000 2019,930775286,1091339218595602432,39.95537,-83.01816
Fri Feb 01 11:52:16 +0000 2019,930775286,1091303214199328768,39.95537,-83.01816
Sun Feb 10 21:49:00 +0000 2019,124474591,1094714879548801024,39.9847,-83.04
Sun Feb 10 21:04:07 +0000 2019,124474591,1094703583981981697,39.9847,-83.04
Sun Feb 10 20:59:03 +0000 2019,124474591,1094702306149437441,39.9847,-83.04
Sun Feb 10 18:59:58 +0000 2019,2157688720,1094672338254102534,39.98622071,-83.02761376
Sun Feb 10 03:53:56 +0000 2019,1170021908,1094444328871739392,39.9847252,-83.0400184
Sun Feb 10 03:51:35 +0000 2019,1170021908,1094443737869139974,39.9847252,-83.0400184
Sat Feb 09 01:37:08 +0000 2019,1170021908,1094047513919791104,39.9847252,-83.0400184
Fri Feb 08 23:01:16 +0000 2019,1170021908,1094008288637796352,39.9847252,-83.0400184
Sun Feb 10 20:15:57 +0000 2019,23320531,1094691460601933825,40.0992294,-83.1140771
Sun Feb 10 19:00:45 +0000 2019,23320531,1094672537928138752,40.0992294,-83.1140771
Sun Feb 10 18:18:11 +0000 2019,23214899,1094661822752276480,40.0992294,-83.1140771
Sun Feb 10 16:59:54 +0000 2019,193979061,1094642124060905472,40.0992294,-83.1140771
Sun Feb 10 16:56:37 +0000 2019,555601959,1094641296969322496,40.1024442,-83.1101269
Sun Feb 10 14:00:39 +0000 2019,22864216,1094597014438858752,40.0992294,-83.1140771
Sun Feb 10 13:53:08 +0000 2019,193979061,1094595121884983297,40.0992294,-83.1140771
Sat Feb 09 22:23:20 +0000 2019,856682460,1094361129005002753,40.10100452,-83.10974836
Sat Feb 09 20:37:21 +0000 2019,193979061,1094334458709270528,40.0992294,-83.1140771
Sat Feb 09 20:21:09 +0000 2019,22366062,1094330382072176640,40.0992294,-83.1140771
Sat Feb 09 18:32:16 +0000 2019,21195890,1094302981556584449,40.0992294,-83.1140771
Sat Feb 09 18:07:17 +0000 2019,22976404,1094296694630506502,40.0992294,-83.1140771
Sat Feb 09 17:30:29 +0000 2019,193979061,1094287430750920711,40.0992294,-83.1140771
Sat Feb 09 16:58:28 +0000 2019,23214899,1094279375678201856,40.0992294,-83.1140771
Sat Feb 09 16:26:21 +0000 2019,118562908,1094271292616847361,40.0992294,-83.1140771
Sat Feb 09 16:22:20 +0000 2019,23320531,1094270283542712320,40.0992294,-83.1140771
Sat Feb 09 15:57:38 +0000 2019,99878467,1094264067315789826,40.0992294,-83.1140771
Sat Feb 09 13:31:49 +0000 2019,1891168652,1094227368464379905,40.09833501,-83.12707143
Sat Feb 09 00:55:23 +0000 2019,1891168652,1094037007657984000,40.09833501,-83.12707143
Fri Feb 08 21:35:47 +0000 2019,1891168652,1093986777508036611,40.09833501,-83.12707143
Fri Feb 08 21:35:06 +0000 2019,23214899,1093986602861252609,40.0992294,-83.1140771
Fri Feb 08 19:35:18 +0000 2019,22060116,1093956456074727424,40.0992294,-83.1140771
Fri Feb 08 18:44:43 +0000 2019,37936115,1093943724520792064,40.0992294,-83.1140771
Fri Feb 08 17:13:11 +0000 2019,23320531,1093920689382453248,40.0992294,-83.1140771
Fri Feb 08 16:13:22 +0000 2019,314161679,1093905639871410176,40.0992294,-83.1140771
Fri Feb 08 15:51:10 +0000 2019,23320531,1093900052995526668,40.0992294,-83.1140771
Fri Feb 08 14:54:36 +0000 2019,193979061,1093885815799730176,40.0992294,-83.1140771
Fri Feb 08 03:48:01 +0000 2019,23820271,1093718064535883776,40.0979,-83.1224
Thu Feb 07 23:20:59 +0000 2019,22454456,1093650864789544962,40.0998029,-83.1264069
Thu Feb 07 18:47:12 +0000 2019,154758262,1093581963917635584,40.0992294,-83.1140771
Thu Feb 07 16:40:40 +0000 2019,845815626,1093550120476372993,40.1002887,-83.11441889
Wed Feb 06 19:11:38 +0000 2019,23214899,1093225723634974720,40.0992294,-83.1140771
Wed Feb 06 16:17:27 +0000 2019,23214899,1093181889626570753,40.0992294,-83.1140771
Wed Feb 06 15:48:49 +0000 2019,118562908,1093174682637889536,40.0992294,-83.1140771
Wed Feb 06 15:26:54 +0000 2019,845815626,1093169167635689479,40.1002887,-83.11441889
Tue Feb 05 21:17:44 +0000 2019,23234447,1092895070267662336,40.0992294,-83.1140771
Tue Feb 05 18:55:29 +0000 2019,845815626,1092859271237255168,40.1002887,-83.11441889
Tue Feb 05 18:01:11 +0000 2019,23320531,1092845606748340225,40.0992294,-83.1140771
Mon Feb 04 22:17:07 +0000 2019,314161679,1092547629131558912,40.0992294,-83.1140771
Mon Feb 04 20:34:35 +0000 2019,193979061,1092521823126749185,40.0992294,-83.1140771
Mon Feb 04 19:38:03 +0000 2019,930775286,1092507595083001862,40.09919,-83.12465
Mon Feb 04 18:47:13 +0000 2019,930775286,1092494805094092801,40.09919,-83.12465
Mon Feb 04 15:34:46 +0000 2019,26033102,1092446371221778432,40.09650259,-83.10887062
Sun Feb 03 22:28:11 +0000 2019,21196047,1092188024362790912,40.0992294,-83.1140771
Sun Feb 03 20:07:44 +0000 2019,193979061,1092152679483138048,40.0992294,-83.1140771
Sun Feb 03 20:07:36 +0000 2019,23234447,1092152646012530688,40.0992294,-83.1140771
Sun Feb 03 14:47:25 +0000 2019,21196047,1092072070496677888,40.0992294,-83.1140771
Sun Feb 03 14:19:03 +0000 2019,250768798,1092064931288178695,40.10336606,-83.10993838
Sun Feb 03 03:49:53 +0000 2019,4218075194,1091906596559618049,40.10100452,-83.10974836
Sun Feb 03 03:42:42 +0000 2019,4218075194,1091904788957061120,40.10100452,-83.10974836
Sun Feb 03 03:39:51 +0000 2019,4218075194,1091904068942024704,40.10100452,-83.10974836
Sun Feb 03 03:35:06 +0000 2019,4218075194,1091902872596316160,40.10100452,-83.10974836
Sat Feb 02 21:35:33 +0000 2019,26033102,1091812392390909952,40.09650259,-83.10887062
Sat Feb 02 17:48:08 +0000 2019,26033102,1091755157518467073,40.09650259,-83.10887062
Sat Feb 02 15:42:18 +0000 2019,23320531,1091723491819249664,40.0992294,-83.1140771
Fri Feb 01 21:21:58 +0000 2019,71721845,1091446585622286336,40.0992294,-83.1140771
Fri Feb 01 21:04:47 +0000 2019,21195970,1091442258178494464,40.0992294,-83.1140771
Fri Feb 01 20:45:05 +0000 2019,193979061,1091437302201499648,40.0992294,-83.1140771
Fri Feb 08 15:56:56 +0000 2019,930775286,1093901502693953536,40.03109,-83.02956
Fri Feb 08 14:47:41 +0000 2019,930775286,1093884074643677184,40.03109,-83.02956
Thu Feb 07 23:34:35 +0000 2019,225449830,1093654286766985216,40.02951944,-83.03943056
Fri Feb 01 22:05:31 +0000 2019,930775286,1091457543342342144,40.03138,-83.02894
Fri Feb 01 20:52:33 +0000 2019,930775286,1091439183376338946,40.03138,-83.02894
Fri Feb 01 17:41:15 +0000 2019,930775286,1091391039783530498,40.03138,-83.02894
Fri Feb 01 17:18:28 +0000 2019,930775286,1091385306769735681,40.03138,-83.02894
Fri Feb 01 17:05:24 +0000 2019,930775286,1091382018670235649,40.03138,-83.02894
Fri Feb 01 16:46:17 +0000 2019,930775286,1091377205702209536,40.03138,-83.02894
Fri Feb 01 16:22:37 +0000 2019,930775286,1091371249069187073,40.03138,-83.02894
Fri Feb 01 15:42:32 +0000 2019,930775286,1091361162636083200,40.03138,-83.02894
Fri Feb 01 10:35:43 +0000 2019,930775286,1091283952126578688,40.03138,-83.02894
Fri Feb 01 10:34:09 +0000 2019,930775286,1091283556486254593,40.03138,-83.02894
Sun Feb 10 22:01:53 +0000 2019,225187465,1094718121640783873,39.9624,-82.9996
Sun Feb 10 21:40:00 +0000 2019,76994973,1094712613928263681,39.9624,-82.9996
Sun Feb 10 21:37:30 +0000 2019,44748304,1094711982844870656,39.9624,-82.9996
Sun Feb 10 21:31:15 +0000 2019,22060116,1094710412619083776,39.9611755,-82.9987942
Sun Feb 10 21:31:04 +0000 2019,23320531,1094710367480033280,39.9602601,-83.0092803
Sun Feb 10 21:30:55 +0000 2019,21195970,1094710325671124992,39.9611755,-82.9987942
Sun Feb 10 21:15:30 +0000 2019,2422753783,1094706448309895168,39.96531528,-82.99175308
Sun Feb 10 21:11:22 +0000 2019,23234447,1094705407518420992,39.9611755,-82.9987942
Sun Feb 10 20:51:32 +0000 2019,21974619,1094700416057647108,39.9624,-82.9996
Sun Feb 10 19:31:12 +0000 2019,23234447,1094680198119747584,39.9611755,-82.9987942
Sun Feb 10 19:22:59 +0000 2019,99878467,1094678131082878976,39.9611755,-82.9987942
Sun Feb 10 19:22:39 +0000 2019,22060116,1094678047377092609,39.9611755,-82.9987942
Sun Feb 10 19:20:05 +0000 2019,595822954,1094677402943291393,39.9624,-82.9996
Sun Feb 10 19:17:38 +0000 2019,37936115,1094676784073695232,39.9602601,-83.0092803
Sun Feb 10 19:14:37 +0000 2019,573841372,1094676027903623168,39.9624,-82.9996
Sun Feb 10 19:11:58 +0000 2019,573841372,1094675359876837376,39.9624,-82.9996
Sun Feb 10 19:06:40 +0000 2019,1630766641,1094674027816280064,39.96986088,-83.00120021
Sun Feb 10 18:58:08 +0000 2019,44748304,1094671879879647237,39.966,-82.99314
Sun Feb 10 18:47:42 +0000 2019,57994489,1094669251900633088,39.96102885,-82.99884441
Sun Feb 10 18:33:22 +0000 2019,21195890,1094665647798157312,39.9602601,-83.0092803
Sun Feb 10 18:30:29 +0000 2019,44748304,1094664918853332992,39.966,-82.99314
Sun Feb 10 18:26:32 +0000 2019,22733920,1094663926283812864,39.9602601,-83.0092803
Sun Feb 10 18:17:41 +0000 2019,71721845,1094661697560670208,39.9611755,-82.9987942
Sun Feb 10 18:08:10 +0000 2019,22976404,1094659305179992064,39.9611755,-82.9987942
Sun Feb 10 17:55:35 +0000 2019,295795110,1094656138140737536,39.9624,-82.9996
Sun Feb 10 17:53:59 +0000 2019,43639228,1094655735793737728,39.9611755,-82.9987942
Sun Feb 10 17:50:10 +0000 2019,326248015,1094654775411372032,39.9624,-82.9996
Sun Feb 10 17:21:47 +0000 2019,1689924188,1094647630565703680,39.96185093,-83.00862678
Sun Feb 10 16:54:47 +0000 2019,68275677,1094640835314954241,39.9624,-82.9996
Sun Feb 10 16:47:29 +0000 2019,43639228,1094639001200259072,39.9611755,-82.9987942
Sun Feb 10 16:39:01 +0000 2019,820560770052268032,1094636866798678016,39.95668,-82.99609
Sun Feb 10 16:11:31 +0000 2019,2644946807,1094629946603913216,39.96986088,-83.00120021
Sun Feb 10 16:10:58 +0000 2019,23234447,1094629808535830528,39.9611755,-82.9987942
Sun Feb 10 15:58:14 +0000 2019,22149548,1094626603374542850,39.9602601,-83.0092803
Sun Feb 10 15:56:54 +0000 2019,21195970,1094626267758903298,39.9611755,-82.9987942
Sun Feb 10 15:53:05 +0000 2019,22976404,1094625310383828992,39.9602601,-83.0092803
Sun Feb 10 15:40:52 +0000 2019,43639228,1094622233815769088,39.9611755,-82.9987942
Sun Feb 10 15:28:03 +0000 2019,204506649,1094619010539417600,39.9624,-82.9996
Sun Feb 10 15:17:49 +0000 2019,180018023,1094616432761917441,39.9611755,-82.9987942
Sun Feb 10 14:59:44 +0000 2019,138350409,1094611883808575488,39.9624,-82.9996
Sun Feb 10 14:55:30 +0000 2019,71721845,1094610816085635072,39.9611755,-82.9987942
Sun Feb 10 14:45:35 +0000 2019,22976404,1094608321577857026,39.9611755,-82.9987942
Sun Feb 10 14:31:49 +0000 2019,57994489,1094604859548958726,39.96102885,-82.99884441
Sun Feb 10 14:31:39 +0000 2019,584991985,1094604815508930560,39.9624,-82.9996
Sun Feb 10 14:30:43 +0000 2019,95685812,1094604581017858048,39.9624,-82.9996
Sun Feb 10 13:59:02 +0000 2019,271737284,1094596606521823232,39.96284,-82.99693
Sun Feb 10 13:06:53 +0000 2019,1058710904,1094583482183892995,39.9611755,-82.9987942
Sun Feb 10 12:35:32 +0000 2019,942461432855236609,1094575594006667264,39.9624,-82.9996
Sun Feb 10 12:13:08 +0000 2019,353514675,1094569958581981184,39.9624,-82.9996
Sun Feb 10 11:54:46 +0000 2019,418210374,1094565334399492098,39.9624,-82.9996
Sun Feb 10 08:54:08 +0000 2019,358012526,1094519877698637825,39.9624,-82.9996
Sun Feb 10 08:50:31 +0000 2019,134996863,1094518966775500800,39.9624,-82.9996
Sun Feb 10 05:37:35 +0000 2019,44755379,1094470415148298241,39.9624,-82.9996
Sun Feb 10 04:54:23 +0000 2019,560118221,1094459543134756865,39.9624,-82.9996
Sun Feb 10 04:26:48 +0000 2019,266305530,1094452600957587458,39.967205,-82.996048
Sun Feb 10 04:23:49 +0000 2019,266305530,1094451851032965121,39.967205,-82.996048
Sun Feb 10 04:12:22 +0000 2019,371318271,1094448967574847488,39.9624,-82.9996
Sun Feb 10 02:59:36 +0000 2019,68050502,1094430655104966656,39.96284,-82.99693
Sun Feb 10 02:50:57 +0000 2019,722381689,1094428480442269701,39.9624,-82.9996
Sun Feb 10 02:31:33 +0000 2019,281140497,1094423595554463744,39.95763,-83.01145
Sun Feb 10 02:09:30 +0000 2019,942461432855236609,1094418046104432640,39.95675,-83.00355
Sun Feb 10 02:02:40 +0000 2019,2331749618,1094416325969989632,39.9624,-82.9996
Sun Feb 10 01:39:03 +0000 2019,2331749618,1094410382540713984,39.9624,-82.9996
Sun Feb 10 01:31:51 +0000 2019,2611066014,1094408571591290880,39.9624,-82.9996
Sun Feb 10 01:31:22 +0000 2019,348255385,1094408450258350080,39.9624,-82.9996
Sun Feb 10 01:17:47 +0000 2019,21211742,1094405032114561024,39.9624,-82.9996
Sun Feb 10 01:15:51 +0000 2019,31028160,1094404546837676033,39.9624,-82.9996
Sun Feb 10 00:44:36 +0000 2019,17753760,1094396681498644481,39.96000075,-82.99898386
Sat Feb 09 23:56:25 +0000 2019,326248015,1094384556839325696,39.9624,-82.9996
Sat Feb 09 23:54:02 +0000 2019,339118376,1094383956617805825,39.9567,-83.0038
Sat Feb 09 23:21:23 +0000 2019,22426858,1094375739070152704,39.9611755,-82.9987942
Sat Feb 09 23:20:44 +0000 2019,23473569,1094375574787653632,39.9611755,-82.9987942
Sat Feb 09 23:17:41 +0000 2019,330373100,1094374806647160832,39.9624,-82.9996
Sat Feb 09 22:58:31 +0000 2019,339118376,1094369984082571264,39.9567,-83.0038
Sat Feb 09 22:45:48 +0000 2019,71721845,1094366782746329089,39.9611755,-82.9987942
Sat Feb 09 22:41:46 +0000 2019,344882579,1094365771772370950,39.96000075,-82.99898386
Sat Feb 09 22:37:30 +0000 2019,381139645,1094364695249780737,39.9624,-82.9996
Sat Feb 09 22:12:53 +0000 2019,20491093,1094358500761837571,39.96948,-83.0049
Sat Feb 09 22:11:40 +0000 2019,725723552431788032,1094358195143729152,39.9624,-82.9996
Sat Feb 09 21:57:57 +0000 2019,31155727,1094354742237585408,39.9667,-83.0
Sat Feb 09 21:29:58 +0000 2019,22976404,1094347702773604352,39.9611755,-82.9987942
Sat Feb 09 20:38:54 +0000 2019,22733920,1094334849886769152,39.9611755,-82.9987942
Sat Feb 09 20:38:18 +0000 2019,18069553,1094334698220908545,39.96000075,-82.99898386
Sat Feb 09 20:37:53 +0000 2019,57994489,1094334592671051777,39.96102885,-82.99884441
Sat Feb 09 20:24:12 +0000 2019,22149548,1094331148317016064,39.9611755,-82.9987942
Sat Feb 09 20:07:47 +0000 2019,23320531,1094327019100299264,39.9602601,-83.0092803
Sat Feb 09 19:47:58 +0000 2019,772671919,1094322030256771072,39.9576,-83.0116
Sat Feb 09 19:46:03 +0000 2019,772671919,1094321549551849472,39.9576,-83.0116
Sat Feb 09 19:38:55 +0000 2019,44149552,1094319753265479680,39.9624,-82.9996
Sat Feb 09 19:32:23 +0000 2019,37936115,1094318109488427008,39.9611755,-82.9987942
Sun Feb 10 19:13:15 +0000 2019,29693544,1094675684239306754,39.97687366,-82.9987545
Sun Feb 10 17:52:06 +0000 2019,2236425122,1094655262269435904,39.97819,-83.00359
Sun Feb 10 17:46:20 +0000 2019,169255813,1094653809257721856,39.97819,-83.00359
Sun Feb 10 15:27:36 +0000 2019,348255385,1094618897117003776,39.98096,-82.99478
Sun Feb 10 15:23:17 +0000 2019,348255385,1094617810326630400,39.98096,-82.99478
Sun Feb 10 03:39:30 +0000 2019,432531577,1094440697246019584,39.98506,-83.00494
Sun Feb 10 02:48:31 +0000 2019,91378978,1094427867612672000,39.990181,-83.0126877
Sun Feb 10 01:29:08 +0000 2019,20084536,1094407887235907585,39.98728,-83.00594
Sun Feb 10 01:06:14 +0000 2019,323876232,1094402127156236288,39.98725,-83.00462
Sun Feb 10 01:04:10 +0000 2019,323876232,1094401607800782848,39.98725,-83.00462
Sat Feb 09 22:54:05 +0000 2019,2180889829,1094368867764195328,39.98707,-83.00179
Sat Feb 09 20:10:47 +0000 2019,853457761,1094327773118820359,39.98506,-83.00494
Sat Feb 09 19:16:45 +0000 2019,19550141,1094314174908227584,39.97965,-83.00373
Sat Feb 09 18:19:09 +0000 2019,83519373,1094299680979202048,39.97542,-83.00375
Sat Feb 09 03:51:01 +0000 2019,34352139,1094081207384592384,39.9855,-82.9996
Sat Feb 09 03:49:06 +0000 2019,34352139,1094080726952263682,39.9855,-82.9996
Sat Feb 09 01:00:38 +0000 2019,1493815506,1094038328146448384,39.99007598,-83.00622582
Sat Feb 09 00:33:16 +0000 2019,252746570,1094031440159764480,39.987568,-83.00459
Fri Feb 08 22:20:02 +0000 2019,2216409823,1093997912944726017,39.9873098,-83.0057557
Fri Feb 08 12:19:37 +0000 2019,226113616,1093846811129798656,39.98108,-83.00477
Fri Feb 08 02:47:30 +0000 2019,20084536,1093702836775337985,39.98728,-83.00594
Thu Feb 07 23:03:49 +0000 2019,65982514,1093646543679299584,39.97523584,-83.00329911
Thu Feb 07 20:40:22 +0000 2019,368921358,1093610440871931904,39.98533794,-82.99969938
Thu Feb 07 09:37:31 +0000 2019,16526958,1093443629161562112,39.98666,-82.9979019
Wed Feb 06 19:23:11 +0000 2019,786141432,1093228630178709504,39.98195,-83.00472
Wed Feb 06 18:05:45 +0000 2019,3362772975,1093209142330765312,39.983587,-83.00462
Wed Feb 06 17:37:42 +0000 2019,116659681,1093202083837206529,39.98725,-83.00462
Wed Feb 06 16:58:39 +0000 2019,786141432,1093192258986430465,39.98414,-82.99939
Wed Feb 06 13:13:20 +0000 2019,226113616,1093135553569189888,39.98108,-83.00477
Wed Feb 06 04:49:55 +0000 2019,2180889829,1093008864507617285,39.98707,-83.00179
Wed Feb 06 01:59:38 +0000 2019,29693544,1092966012037689346,39.97687366,-82.9987545
Tue Feb 05 19:13:31 +0000 2019,368921358,1092863808421281792,39.98533794,-82.99969938
Tue Feb 05 19:12:13 +0000 2019,116659681,1092863485342633984,39.98723656,-83.00472276
Tue Feb 05 16:56:32 +0000 2019,182207550,1092829338087522304,39.9781,-83.00433
Tue Feb 05 14:06:56 +0000 2019,2796047568,1092786656157941760,39.98111,-83.00415
Sun Feb 10 20:00:35 +0000 2019,433761819,1094687592665120769,39.99482695,-83.01778078
Sun Feb 10 04:38:02 +0000 2019,342277769,1094455425653710848,39.99526,-83.01183
Sun Feb 10 19:52:48 +0000 2019,15076309,1094685635703721985,39.99795385,-82.88467361
Sat Feb 09 21:09:25 +0000 2019,22454456,1094342529963614208,39.9999399,-82.8871767
Sat Feb 09 20:48:05 +0000 2019,173559634,1094337160482742272,39.9999399,-82.8871767
Sat Feb 09 16:20:50 +0000 2019,173559634,1094269904625135616,39.9999399,-82.8871767
Sat Feb 09 00:53:53 +0000 2019,200550985,1094036628480450561,39.99795385,-82.88467361
Thu Feb 07 20:45:40 +0000 2019,173559634,1093611778179616768,39.9999399,-82.8871767
Thu Feb 07 18:04:42 +0000 2019,32695795,1093571266966155265,39.99795385,-82.88467361
Thu Feb 07 16:39:58 +0000 2019,22454456,1093549944915410944,39.9999399,-82.8871767
Thu Feb 07 04:34:06 +0000 2019,32695795,1093367274751315971,39.99795385,-82.88467361
Wed Feb 06 21:31:22 +0000 2019,71721845,1093260887643717633,39.9999399,-82.8871767
Wed Feb 06 15:32:56 +0000 2019,3406069787,1093170686326132736,39.99795385,-82.88467361
Mon Feb 04 14:14:06 +0000 2019,48036551,1092426071583150080,39.99795385,-82.88467361
Mon Feb 04 14:08:49 +0000 2019,3406069787,1092424741481316357,39.99795385,-82.88467361
Mon Feb 04 10:15:19 +0000 2019,19321576,1092365978418200581,39.99795385,-82.88467361
Sun Feb 03 21:32:31 +0000 2019,36721094,1092174015458918401,39.99795385,-82.88467361
Sat Feb 02 20:14:10 +0000 2019,71721845,1091791909016588288,39.9999399,-82.8871767
Sat Feb 02 12:16:51 +0000 2019,16695300,1091671789158182913,39.99795385,-82.88467361
Fri Feb 01 20:26:59 +0000 2019,48036551,1091432749490159616,39.99795385,-82.88467361
Fri Feb 01 18:00:59 +0000 2019,34936522,1091396005562667009,40.0,-82.89
Fri Feb 01 12:02:09 +0000 2019,34936522,1091305703569002497,40.0,-82.89
Fri Feb 01 06:04:51 +0000 2019,34936522,1091215782657314816,40.0,-82.89
Sun Feb 10 02:21:15 +0000 2019,4615779196,1094421003508174848,39.96361111,-82.90833333
Sat Feb 09 15:35:27 +0000 2019,22454456,1094258484135178240,39.9743497,-82.8951411
Fri Feb 08 19:09:42 +0000 2019,326248015,1093950014802391040,39.96703,-82.90522
Thu Feb 07 22:56:24 +0000 2019,21195890,1093644676857442305,39.974583,-82.9049686
Thu Feb 07 14:58:49 +0000 2019,16695300,1093524487461576704,39.97242735,-82.90810447
Fri Feb 01 23:44:15 +0000 2019,326248015,1091482392521596928,39.96703,-82.90522
Fri Feb 01 18:38:30 +0000 2019,23473569,1091405448614277120,39.974583,-82.9049686
Fri Feb 01 17:21:21 +0000 2019,326248015,1091386029305671681,39.96703,-82.90522
Fri Feb 01 16:42:43 +0000 2019,21195970,1091376308158791680,39.9708562,-82.8952759
Sun Feb 10 21:42:10 +0000 2019,438936717,1094713160727064576,40.1456748,-82.9772084
Sun Feb 10 19:56:55 +0000 2019,31591353,1094686671919026177,40.14551213,-82.9788877
Sun Feb 10 18:46:44 +0000 2019,188185944,1094669009780273152,40.1383458,-82.9809076
Sun Feb 10 16:17:46 +0000 2019,46961881,1094631521212784640,40.1414697,-82.9789531
Sun Feb 10 15:13:38 +0000 2019,21195890,1094615382986379269,40.1455954,-82.9816141
Sun Feb 10 13:57:44 +0000 2019,499189972,1094596278430752768,40.15124357,-82.98446306
Sat Feb 09 19:36:34 +0000 2019,46961881,1094319162787213312,40.1414697,-82.9789531
Sat Feb 09 12:43:16 +0000 2019,346863598,1094215151207645184,40.13981064,-82.98588932
Sat Feb 09 05:41:54 +0000 2019,732227909243535360,1094109113942982656,40.1414697,-82.9789531
Sat Feb 09 01:36:16 +0000 2019,346863598,1094047295660744704,40.13981064,-82.98588932
Sat Feb 09 00:46:03 +0000 2019,13267922,1094034657904156672,40.1487,-82.977
Fri Feb 08 15:37:19 +0000 2019,28457303,1093896565654138881,40.1415928,-82.9773875
Fri Feb 08 13:49:47 +0000 2019,850740047729090569,1093869505040642049,40.14576,-82.9908899
Fri Feb 08 01:45:33 +0000 2019,153139945,1093687245729456129,40.14654958,-82.97604058
Fri Feb 08 01:11:30 +0000 2019,23352984,1093678675122253825,40.14517243,-82.98728809
Thu Feb 07 21:51:31 +0000 2019,346863598,1093628347500949518,40.13981064,-82.98588932
Thu Feb 07 21:05:50 +0000 2019,28457303,1093616851521662976,40.1420033,-82.9770371
Thu Feb 07 16:37:36 +0000 2019,499189972,1093549350477717504,40.15124357,-82.98446306
Thu Feb 07 16:18:24 +0000 2019,173559634,1093544515644715009,40.1420033,-82.9770371
Thu Feb 07 16:06:27 +0000 2019,268095481,1093541509574598656,40.14169,-82.987956
Thu Feb 07 15:31:12 +0000 2019,2580441244,1093532637027721218,40.14561121,-82.99270595
Thu Feb 07 02:17:39 +0000 2019,14081145,1093332935405531136,40.1461487,-82.9952698
Wed Feb 06 22:52:22 +0000 2019,15870312,1093281274561589248,40.145917,-82.978408
Wed Feb 06 20:24:34 +0000 2019,894396989458325504,1093244078928453632,40.1417592,-82.9913557
Wed Feb 06 18:48:24 +0000 2019,23473569,1093219876397694976,40.1414357,-82.9793035
Tue Feb 05 19:54:02 +0000 2019,327569750,1092874006288584704,40.14139187,-82.9917635
Tue Feb 05 01:31:09 +0000 2019,581403546,1092596457188642816,40.146156,-82.980545
Mon Feb 04 17:44:11 +0000 2019,22454456,1092478942643073024,40.1414357,-82.9793035
Sun Feb 03 21:12:46 +0000 2019,21195970,1092169045313413122,40.138135,-82.9788848
Sun Feb 03 20:10:30 +0000 2019,14626501,1092153374273912834,40.14581075,-82.98035638
Sun Feb 03 19:49:12 +0000 2019,28457303,1092148013194067968,40.1383458,-82.9809076
Sun Feb 03 18:43:15 +0000 2019,28457303,1092131416660307969,40.1420033,-82.9770371
Sun Feb 03 02:14:23 +0000 2019,268044192,1091882559426818048,40.14897495,-82.97922595
Sat Feb 02 19:31:24 +0000 2019,986041216889434112,1091781148781539328,40.14767,-82.97453
Sat Feb 02 04:13:03 +0000 2019,3312872461,1091550036469665793,40.1455,-82.9789
Sat Feb 02 02:41:16 +0000 2019,346863598,1091526940610027521,40.13981064,-82.98588932
Sat Feb 02 01:47:50 +0000 2019,116813336,1091513492622868480,40.14767,-82.97453
Fri Feb 01 21:12:01 +0000 2019,250454007,1091444081669099521,40.1452,-82.9816
Fri Feb 01 19:43:17 +0000 2019,4785159856,1091421751379148800,40.145596,-82.9815
Fri Feb 01 18:27:10 +0000 2019,850740047729090569,1091402594260566016,40.14576,-82.9908899
Fri Feb 01 17:00:55 +0000 2019,330550642,1091380890016628737,40.14897495,-82.97922595
Sat Feb 09 22:23:20 +0000 2019,856682460,1094361129005002753,40.10100452,-83.10974836
Sat Feb 09 19:18:43 +0000 2019,71721845,1094314671820046336,40.092565,-83.0941828
Fri Feb 08 20:17:46 +0000 2019,24016265,1093967142469349376,40.10272949,-83.08991783
Fri Feb 08 18:09:06 +0000 2019,21195970,1093934764715692032,40.09745,-83.1002571
Thu Feb 07 13:57:32 +0000 2019,201110361,1093509067463626752,40.10696,-83.09481
Thu Feb 07 02:22:57 +0000 2019,442778967,1093334268653166593,40.09373103,-83.09083611
Tue Feb 05 11:49:22 +0000 2019,3852295643,1092752034921619457,40.10802,-83.10015
Mon Feb 04 21:25:21 +0000 2019,188185944,1092534600960593921,40.1009096,-83.0963381
Mon Feb 04 15:34:46 +0000 2019,26033102,1092446371221778432,40.09650259,-83.10887062
Sun Feb 03 03:49:53 +0000 2019,4218075194,1091906596559618049,40.10100452,-83.10974836
Sun Feb 03 03:42:42 +0000 2019,4218075194,1091904788957061120,40.10100452,-83.10974836
Sun Feb 03 03:39:51 +0000 2019,4218075194,1091904068942024704,40.10100452,-83.10974836
Sun Feb 03 03:35:06 +0000 2019,4218075194,1091902872596316160,40.10100452,-83.10974836
Sat Feb 02 23:20:44 +0000 2019,21195970,1091838859644555264,40.09745,-83.1002571
Sat Feb 02 21:35:33 +0000 2019,26033102,1091812392390909952,40.09650259,-83.10887062
Sat Feb 02 17:48:08 +0000 2019,26033102,1091755157518467073,40.09650259,-83.10887062
Fri Feb 01 22:27:54 +0000 2019,141693562,1091463177295024128,40.09854359,-83.10436672
Fri Feb 01 17:44:30 +0000 2019,34936522,1091391857395945475,40.1,-83.03
Sat Feb 09 19:35:49 +0000 2019,2282571576,1094318974697754624,40.10482868,-82.97484398
Sat Feb 02 20:17:57 +0000 2019,2282571576,1091792862063153152,40.10482868,-82.97484398
Sat Feb 09 23:51:21 +0000 2019,2864021800,1094383282932789248,40.10813173,-82.93636676
Sat Feb 09 23:16:40 +0000 2019,2864021800,1094374552598126593,40.10813173,-82.93636676
Sat Feb 09 22:43:22 +0000 2019,581403546,1094366172676530176,40.10830015,-82.92761403
Wed Feb 06 15:24:06 +0000 2019,135896329,1093168464410353666,40.10173953,-82.93642635
Mon Feb 04 21:24:47 +0000 2019,202383795,1092534455905017863,40.0997744,-82.93833998
Mon Feb 04 14:56:47 +0000 2019,930775286,1092436812151308288,40.10055,-82.92511
Mon Feb 04 14:18:19 +0000 2019,930775286,1092427131437621254,40.10055,-82.92511
Fri Feb 01 21:26:38 +0000 2019,202383795,1091447756856614912,40.0997744,-82.93833998
Sun Feb 10 21:13:04 +0000 2019,28457303,1094705837090566144,40.0729815,-83.130685
Fri Feb 08 23:21:17 +0000 2019,22454456,1094013326684639233,40.0770791,-83.1293569
Thu Feb 07 20:54:07 +0000 2019,32604848,1093613902808657921,40.07541467,-83.12113604
Thu Feb 07 16:15:27 +0000 2019,818597386176069633,1093543773185880069,40.0770897,-83.128849
Wed Feb 06 22:12:36 +0000 2019,22454456,1093271265450684416,40.0774409,-83.1322177
Wed Feb 06 06:52:42 +0000 2019,930775286,1093039765333655553,40.07566,-83.13579
Mon Feb 04 21:57:59 +0000 2019,3312872461,1092542813437345794,40.0754,-83.1331
Mon Feb 04 16:37:22 +0000 2019,22454456,1092462125363060736,40.0760975,-83.1320816
Mon Feb 04 14:05:54 +0000 2019,18039251,1092424007993999361,40.07605841,-83.12151442
Sun Feb 03 19:04:34 +0000 2019,206628688,1092136783326765056,40.0729815,-83.130685
Sat Feb 02 17:42:44 +0000 2019,22454456,1091753802586152960,40.0770897,-83.128849
Sat Feb 09 19:33:09 +0000 2019,141693562,1094318304649457670,40.084915,-83.091543
Wed Feb 06 12:43:59 +0000 2019,930775286,1093128167299182592,40.08529,-83.09218
Fri Feb 01 13:57:38 +0000 2019,479995985,1091334765222002688,40.0798,-83.10009
time,userid,id,lat,lngSun Feb 10 21:49:10 +0000 2019,348799939,1094714919965077504,40.00763153,-83.0249757
Sun Feb 10 20:00:31 +0000 2019,483530365,1094687579197325312,40.01242591,-83.02448446
Sun Feb 10 19:04:06 +0000 2019,520732898,1094673379888574470,40.00142341,-83.01441447
Sun Feb 10 19:02:26 +0000 2019,520732898,1094672960890097664,40.00142341,-83.01441447
Sun Feb 10 18:37:46 +0000 2019,2508217650,1094666751659462656,40.01242591,-83.02448446
Sun Feb 10 18:35:45 +0000 2019,505092291,1094666245092315137,40.00142341,-83.01441447
Sun Feb 10 16:39:03 +0000 2019,1434029570,1094636877494214656,40.00535591,-83.01927931
Sun Feb 10 03:56:09 +0000 2019,2268595700,1094444886709886976,40.00142341,-83.01441447
Sun Feb 10 03:15:22 +0000 2019,2436907127,1094434622362968065,40.00142341,-83.01441447
Sun Feb 10 02:24:27 +0000 2019,184858805,1094421808076357632,40.00479,-83.01661
Sat Feb 09 23:18:24 +0000 2019,2268156396,1094374988314898432,40.0053451,-83.02014301
Sat Feb 09 16:45:41 +0000 2019,560664938,1094276159104114689,40.00142341,-83.01441447
Sat Feb 09 12:45:31 +0000 2019,2361114273,1094215720353714176,40.00535591,-83.01927931
Sat Feb 09 10:12:29 +0000 2019,245061836,1094177204852781056,40.00142341,-83.01441447
Sat Feb 09 06:36:38 +0000 2019,258183268,1094122884287520768,40.00142341,-83.01441447
Sat Feb 09 03:34:27 +0000 2019,556288882,1094077036887388161,40.00142341,-83.01441447
Sat Feb 09 03:33:04 +0000 2019,14969388,1094076690937139200,40.0155,-83.0117
Sat Feb 09 02:09:40 +0000 2019,173708764,1094055703482789888,40.01522,-83.01136
Sat Feb 09 02:03:30 +0000 2019,102772144,1094054151468675072,40.00535591,-83.01927931
Sat Feb 09 01:29:52 +0000 2019,519902397,1094045686021054464,40.00142341,-83.01441447
Fri Feb 08 17:34:11 +0000 2019,499917974,1093925976411648000,40.00451997,-83.01554815
Fri Feb 08 16:21:04 +0000 2019,44755379,1093907576079568897,40.00142341,-83.01441447
Fri Feb 08 03:30:41 +0000 2019,582982977,1093713702988075008,40.00763153,-83.0249757
Fri Feb 08 03:02:26 +0000 2019,45947608,1093706593638723589,40.00763153,-83.0249757
Sat Feb 09 22:17:38 +0000 2019,37101536,1094359696734150656,39.95602,-83.0136
Sat Feb 09 14:56:38 +0000 2019,230944479,1094248713378181120,39.95853146,-83.02908901
Sat Feb 09 13:49:41 +0000 2019,37101536,1094231866763141120,39.95602,-83.0136
Fri Feb 08 01:14:32 +0000 2019,37101536,1093679437390983168,39.95602,-83.0136
Thu Feb 07 18:00:52 +0000 2019,2359514174,1093570304805359616,39.9522121,-83.0340374
Thu Feb 07 00:07:02 +0000 2019,2192722620,1093300063693139969,39.95902,-83.03416
Wed Feb 06 23:56:57 +0000 2019,2192722620,1093297525719629825,39.95902,-83.03416
Wed Feb 06 23:38:42 +0000 2019,930775286,1093292932315136001,39.95115,-83.01437
Wed Feb 06 23:12:02 +0000 2019,930775286,1093286223098118144,39.95115,-83.01437
Wed Feb 06 14:36:39 +0000 2019,930775286,1093156524522913792,39.9505,-83.01606
Wed Feb 06 13:50:44 +0000 2019,930775286,1093144969081225217,39.9505,-83.01606
Wed Feb 06 13:44:57 +0000 2019,930775286,1093143510067408902,39.9505,-83.01606
Wed Feb 06 07:19:32 +0000 2019,3896855140,1093046518548971520,39.95817662,-83.0176926
Wed Feb 06 02:40:45 +0000 2019,55206265,1092976362430722048,39.95153083,-83.02762
Wed Feb 06 02:34:55 +0000 2019,55206265,1092974893631713280,39.95153083,-83.02762
Wed Feb 06 02:27:25 +0000 2019,930775286,1092973005842640898,39.9505,-83.01606
Tue Feb 05 23:36:50 +0000 2019,930775286,1092930077237673989,39.95115,-83.01437
Tue Feb 05 22:54:39 +0000 2019,282097949,1092919461412249601,39.95686,-83.01657
Tue Feb 05 18:01:07 +0000 2019,2359514174,1092845590462058496,39.9522016,-83.0340788
Mon Feb 04 21:39:32 +0000 2019,442125821,1092538168795189254,39.95611178,-83.03141845
Mon Feb 04 18:00:51 +0000 2019,2359514174,1092483134237622272,39.9519135,-83.0345089
Sun Feb 03 00:21:02 +0000 2019,17068617,1091854035638996992,39.946406,-83.028217
Sat Feb 02 22:16:53 +0000 2019,850740047729090569,1091822794092929025,39.95922011,-83.034128
Fri Feb 01 19:01:23 +0000 2019,2359514174,1091411203992231936,39.9522178,-83.0341286
Fri Feb 01 17:00:28 +0000 2019,930775286,1091380776871043072,39.95115,-83.01437
Fri Feb 01 16:44:39 +0000 2019,930775286,1091376793825746956,39.95115,-83.01437
Fri Feb 01 16:03:04 +0000 2019,930775286,1091366329611939840,39.95115,-83.01437
Fri Feb 01 15:51:25 +0000 2019,930775286,1091363399517290496,39.95115,-83.01437
Fri Feb 01 14:40:48 +0000 2019,930775286,1091345627286364160,39.95537,-83.01816
Fri Feb 01 14:15:20 +0000 2019,930775286,1091339218595602432,39.95537,-83.01816
Fri Feb 01 11:52:16 +0000 2019,930775286,1091303214199328768,39.95537,-83.01816
Sun Feb 10 21:49:00 +0000 2019,124474591,1094714879548801024,39.9847,-83.04
Sun Feb 10 21:04:07 +0000 2019,124474591,1094703583981981697,39.9847,-83.04
Sun Feb 10 20:59:03 +0000 2019,124474591,1094702306149437441,39.9847,-83.04
Sun Feb 10 18:59:58 +0000 2019,2157688720,1094672338254102534,39.98622071,-83.02761376
Sun Feb 10 03:53:56 +0000 2019,1170021908,1094444328871739392,39.9847252,-83.0400184
Sun Feb 10 03:51:35 +0000 2019,1170021908,1094443737869139974,39.9847252,-83.0400184
Sat Feb 09 01:37:08 +0000 2019,1170021908,1094047513919791104,39.9847252,-83.0400184
Fri Feb 08 23:01:16 +0000 2019,1170021908,1094008288637796352,39.9847252,-83.0400184
Fri Feb 08 19:49:19 +0000 2019,1170021908,1093959981999759362,39.9847252,-83.0400184
Sun Feb 10 20:15:57 +0000 2019,23320531,1094691460601933825,40.0992294,-83.1140771
Sun Feb 10 19:00:45 +0000 2019,23320531,1094672537928138752,40.0992294,-83.1140771
Sun Feb 10 18:18:11 +0000 2019,23214899,1094661822752276480,40.0992294,-83.1140771
Sun Feb 10 16:59:54 +0000 2019,193979061,1094642124060905472,40.0992294,-83.1140771
Sun Feb 10 16:56:37 +0000 2019,555601959,1094641296969322496,40.1024442,-83.1101269
Sun Feb 10 14:00:39 +0000 2019,22864216,1094597014438858752,40.0992294,-83.1140771
Sun Feb 10 13:53:08 +0000 2019,193979061,1094595121884983297,40.0992294,-83.1140771
Sat Feb 09 22:23:20 +0000 2019,856682460,1094361129005002753,40.10100452,-83.10974836
Sat Feb 09 20:37:21 +0000 2019,193979061,1094334458709270528,40.0992294,-83.1140771
Sat Feb 09 20:21:09 +0000 2019,22366062,1094330382072176640,40.0992294,-83.1140771
Sat Feb 09 18:07:17 +0000 2019,22976404,1094296694630506502,40.0992294,-83.1140771
Sat Feb 09 17:30:29 +0000 2019,193979061,1094287430750920711,40.0992294,-83.1140771
Sat Feb 09 16:58:28 +0000 2019,23214899,1094279375678201856,40.0992294,-83.1140771
Sat Feb 09 16:26:21 +0000 2019,118562908,1094271292616847361,40.0992294,-83.1140771
Sat Feb 09 16:22:20 +0000 2019,23320531,1094270283542712320,40.0992294,-83.1140771
Sat Feb 09 15:57:38 +0000 2019,99878467,1094264067315789826,40.0992294,-83.1140771
Sat Feb 09 13:31:49 +0000 2019,1891168652,1094227368464379905,40.09833501,-83.12707143
Sat Feb 09 00:55:23 +0000 2019,1891168652,1094037007657984000,40.09833501,-83.12707143
Fri Feb 08 21:35:47 +0000 2019,1891168652,1093986777508036611,40.09833501,-83.12707143
Fri Feb 08 21:35:06 +0000 2019,23214899,1093986602861252609,40.0992294,-83.1140771
Fri Feb 08 19:35:18 +0000 2019,22060116,1093956456074727424,40.0992294,-83.1140771
Fri Feb 08 17:13:11 +0000 2019,23320531,1093920689382453248,40.0992294,-83.1140771
Fri Feb 08 16:13:22 +0000 2019,314161679,1093905639871410176,40.0992294,-83.1140771
Fri Feb 08 15:51:10 +0000 2019,23320531,1093900052995526668,40.0992294,-83.1140771
Fri Feb 08 14:54:36 +0000 2019,193979061,1093885815799730176,40.0992294,-83.1140771
Fri Feb 08 03:48:01 +0000 2019,23820271,1093718064535883776,40.0979,-83.1224
Thu Feb 07 23:20:59 +0000 2019,22454456,1093650864789544962,40.0998029,-83.1264069
Thu Feb 07 18:47:12 +0000 2019,154758262,1093581963917635584,40.0992294,-83.1140771
Thu Feb 07 16:40:40 +0000 2019,845815626,1093550120476372993,40.1002887,-83.11441889
Wed Feb 06 19:11:38 +0000 2019,23214899,1093225723634974720,40.0992294,-83.1140771
Wed Feb 06 16:17:27 +0000 2019,23214899,1093181889626570753,40.0992294,-83.1140771
Wed Feb 06 15:48:49 +0000 2019,118562908,1093174682637889536,40.0992294,-83.1140771
Wed Feb 06 15:26:54 +0000 2019,845815626,1093169167635689479,40.1002887,-83.11441889
Tue Feb 05 21:17:44 +0000 2019,23234447,1092895070267662336,40.0992294,-83.1140771
Tue Feb 05 18:55:29 +0000 2019,845815626,1092859271237255168,40.1002887,-83.11441889
Tue Feb 05 18:01:11 +0000 2019,23320531,1092845606748340225,40.0992294,-83.1140771
Mon Feb 04 22:17:07 +0000 2019,314161679,1092547629131558912,40.0992294,-83.1140771
Mon Feb 04 20:34:35 +0000 2019,193979061,1092521823126749185,40.0992294,-83.1140771
Mon Feb 04 19:38:03 +0000 2019,930775286,1092507595083001862,40.09919,-83.12465
Mon Feb 04 18:47:13 +0000 2019,930775286,1092494805094092801,40.09919,-83.12465
Mon Feb 04 15:34:46 +0000 2019,26033102,1092446371221778432,40.09650259,-83.10887062
Sun Feb 03 22:28:11 +0000 2019,21196047,1092188024362790912,40.0992294,-83.1140771
Sun Feb 03 20:07:44 +0000 2019,193979061,1092152679483138048,40.0992294,-83.1140771
Sun Feb 03 20:07:36 +0000 2019,23234447,1092152646012530688,40.0992294,-83.1140771
Sun Feb 03 14:47:25 +0000 2019,21196047,1092072070496677888,40.0992294,-83.1140771
Sun Feb 03 14:19:03 +0000 2019,250768798,1092064931288178695,40.10336606,-83.10993838
Sun Feb 03 03:49:53 +0000 2019,4218075194,1091906596559618049,40.10100452,-83.10974836
Sun Feb 03 03:42:42 +0000 2019,4218075194,1091904788957061120,40.10100452,-83.10974836
Sun Feb 03 03:39:51 +0000 2019,4218075194,1091904068942024704,40.10100452,-83.10974836
Sun Feb 03 03:35:06 +0000 2019,4218075194,1091902872596316160,40.10100452,-83.10974836
Sat Feb 02 21:35:33 +0000 2019,26033102,1091812392390909952,40.09650259,-83.10887062
Sat Feb 02 17:48:08 +0000 2019,26033102,1091755157518467073,40.09650259,-83.10887062
Sat Feb 02 15:42:18 +0000 2019,23320531,1091723491819249664,40.0992294,-83.1140771
Fri Feb 01 21:21:58 +0000 2019,71721845,1091446585622286336,40.0992294,-83.1140771
Fri Feb 01 21:04:47 +0000 2019,21195970,1091442258178494464,40.0992294,-83.1140771
Fri Feb 01 20:45:05 +0000 2019,193979061,1091437302201499648,40.0992294,-83.1140771
Fri Feb 08 15:56:56 +0000 2019,930775286,1093901502693953536,40.03109,-83.02956
Fri Feb 08 14:47:41 +0000 2019,930775286,1093884074643677184,40.03109,-83.02956
Thu Feb 07 23:34:35 +0000 2019,225449830,1093654286766985216,40.02951944,-83.03943056
Fri Feb 01 22:05:31 +0000 2019,930775286,1091457543342342144,40.03138,-83.02894
Fri Feb 01 20:52:33 +0000 2019,930775286,1091439183376338946,40.03138,-83.02894
Fri Feb 01 17:41:15 +0000 2019,930775286,1091391039783530498,40.03138,-83.02894
Fri Feb 01 17:18:28 +0000 2019,930775286,1091385306769735681,40.03138,-83.02894
Fri Feb 01 17:05:24 +0000 2019,930775286,1091382018670235649,40.03138,-83.02894
Fri Feb 01 16:46:17 +0000 2019,930775286,1091377205702209536,40.03138,-83.02894
Fri Feb 01 16:22:37 +0000 2019,930775286,1091371249069187073,40.03138,-83.02894
Fri Feb 01 15:42:32 +0000 2019,930775286,1091361162636083200,40.03138,-83.02894
Fri Feb 01 10:35:43 +0000 2019,930775286,1091283952126578688,40.03138,-83.02894
Fri Feb 01 10:34:09 +0000 2019,930775286,1091283556486254593,40.03138,-83.02894
Sun Feb 10 22:01:53 +0000 2019,225187465,1094718121640783873,39.9624,-82.9996
Sun Feb 10 21:40:00 +0000 2019,76994973,1094712613928263681,39.9624,-82.9996
Sun Feb 10 21:31:15 +0000 2019,22060116,1094710412619083776,39.9611755,-82.9987942
Sun Feb 10 21:31:04 +0000 2019,23320531,1094710367480033280,39.9602601,-83.0092803
Sun Feb 10 21:30:55 +0000 2019,21195970,1094710325671124992,39.9611755,-82.9987942
Sun Feb 10 21:15:30 +0000 2019,2422753783,1094706448309895168,39.96531528,-82.99175308
Sun Feb 10 21:11:22 +0000 2019,23234447,1094705407518420992,39.9611755,-82.9987942
Sun Feb 10 20:51:32 +0000 2019,21974619,1094700416057647108,39.9624,-82.9996
Sun Feb 10 19:31:12 +0000 2019,23234447,1094680198119747584,39.9611755,-82.9987942
Sun Feb 10 19:22:59 +0000 2019,99878467,1094678131082878976,39.9611755,-82.9987942
Sun Feb 10 19:22:39 +0000 2019,22060116,1094678047377092609,39.9611755,-82.9987942
Sun Feb 10 19:20:05 +0000 2019,595822954,1094677402943291393,39.9624,-82.9996
Sun Feb 10 19:17:38 +0000 2019,37936115,1094676784073695232,39.9602601,-83.0092803
Sun Feb 10 19:14:37 +0000 2019,573841372,1094676027903623168,39.9624,-82.9996
Sun Feb 10 19:11:58 +0000 2019,573841372,1094675359876837376,39.9624,-82.9996
Sun Feb 10 18:58:08 +0000 2019,44748304,1094671879879647237,39.966,-82.99314
Sun Feb 10 18:47:42 +0000 2019,57994489,1094669251900633088,39.96102885,-82.99884441
Sun Feb 10 18:33:22 +0000 2019,21195890,1094665647798157312,39.9602601,-83.0092803
Sun Feb 10 18:30:29 +0000 2019,44748304,1094664918853332992,39.966,-82.99314
Sun Feb 10 18:26:32 +0000 2019,22733920,1094663926283812864,39.9602601,-83.0092803
Sun Feb 10 18:17:41 +0000 2019,71721845,1094661697560670208,39.9611755,-82.9987942
Sun Feb 10 18:08:10 +0000 2019,22976404,1094659305179992064,39.9611755,-82.9987942
Sun Feb 10 17:55:35 +0000 2019,295795110,1094656138140737536,39.9624,-82.9996
Sun Feb 10 17:53:59 +0000 2019,43639228,1094655735793737728,39.9611755,-82.9987942
Sun Feb 10 17:50:10 +0000 2019,326248015,1094654775411372032,39.9624,-82.9996
Sun Feb 10 17:21:47 +0000 2019,1689924188,1094647630565703680,39.96185093,-83.00862678
Sun Feb 10 16:54:47 +0000 2019,68275677,1094640835314954241,39.9624,-82.9996
Sun Feb 10 16:47:29 +0000 2019,43639228,1094639001200259072,39.9611755,-82.9987942
Sun Feb 10 16:39:01 +0000 2019,820560770052268032,1094636866798678016,39.95668,-82.99609
Sun Feb 10 16:11:31 +0000 2019,2644946807,1094629946603913216,39.96986088,-83.00120021
Sun Feb 10 16:10:58 +0000 2019,23234447,1094629808535830528,39.9611755,-82.9987942
Sun Feb 10 15:58:14 +0000 2019,22149548,1094626603374542850,39.9602601,-83.0092803
Sun Feb 10 15:56:54 +0000 2019,21195970,1094626267758903298,39.9611755,-82.9987942
Sun Feb 10 15:53:05 +0000 2019,22976404,1094625310383828992,39.9602601,-83.0092803
Sun Feb 10 15:40:52 +0000 2019,43639228,1094622233815769088,39.9611755,-82.9987942
Sun Feb 10 15:28:03 +0000 2019,204506649,1094619010539417600,39.9624,-82.9996
Sun Feb 10 15:17:49 +0000 2019,180018023,1094616432761917441,39.9611755,-82.9987942
Sun Feb 10 14:59:44 +0000 2019,138350409,1094611883808575488,39.9624,-82.9996
Sun Feb 10 14:55:30 +0000 2019,71721845,1094610816085635072,39.9611755,-82.9987942
Sun Feb 10 14:45:35 +0000 2019,22976404,1094608321577857026,39.9611755,-82.9987942
Sun Feb 10 14:31:49 +0000 2019,57994489,1094604859548958726,39.96102885,-82.99884441
Sun Feb 10 14:31:39 +0000 2019,584991985,1094604815508930560,39.9624,-82.9996
Sun Feb 10 14:30:43 +0000 2019,95685812,1094604581017858048,39.9624,-82.9996
Sun Feb 10 13:59:02 +0000 2019,271737284,1094596606521823232,39.96284,-82.99693
Sun Feb 10 13:06:53 +0000 2019,1058710904,1094583482183892995,39.9611755,-82.9987942
Sun Feb 10 12:35:32 +0000 2019,942461432855236609,1094575594006667264,39.9624,-82.9996
Sun Feb 10 12:13:08 +0000 2019,353514675,1094569958581981184,39.9624,-82.9996
Sun Feb 10 11:54:46 +0000 2019,418210374,1094565334399492098,39.9624,-82.9996
Sun Feb 10 08:50:31 +0000 2019,134996863,1094518966775500800,39.9624,-82.9996
Sun Feb 10 05:37:35 +0000 2019,44755379,1094470415148298241,39.9624,-82.9996
Sun Feb 10 04:54:23 +0000 2019,560118221,1094459543134756865,39.9624,-82.9996
Sun Feb 10 04:26:48 +0000 2019,266305530,1094452600957587458,39.967205,-82.996048
Sun Feb 10 04:23:49 +0000 2019,266305530,1094451851032965121,39.967205,-82.996048
Sun Feb 10 04:12:22 +0000 2019,371318271,1094448967574847488,39.9624,-82.9996
Sun Feb 10 02:59:36 +0000 2019,68050502,1094430655104966656,39.96284,-82.99693
Sun Feb 10 02:50:57 +0000 2019,722381689,1094428480442269701,39.9624,-82.9996
Sun Feb 10 02:31:33 +0000 2019,281140497,1094423595554463744,39.95763,-83.01145
Sun Feb 10 02:09:30 +0000 2019,942461432855236609,1094418046104432640,39.95675,-83.00355
Sun Feb 10 02:02:40 +0000 2019,2331749618,1094416325969989632,39.9624,-82.9996
Sun Feb 10 01:39:03 +0000 2019,2331749618,1094410382540713984,39.9624,-82.9996
Sun Feb 10 01:31:51 +0000 2019,2611066014,1094408571591290880,39.9624,-82.9996
Sun Feb 10 01:31:22 +0000 2019,348255385,1094408450258350080,39.9624,-82.9996
Sun Feb 10 01:17:47 +0000 2019,21211742,1094405032114561024,39.9624,-82.9996
Sun Feb 10 01:15:51 +0000 2019,31028160,1094404546837676033,39.9624,-82.9996
Sun Feb 10 00:44:36 +0000 2019,17753760,1094396681498644481,39.96000075,-82.99898386
Sat Feb 09 23:56:25 +0000 2019,326248015,1094384556839325696,39.9624,-82.9996
Sat Feb 09 23:54:02 +0000 2019,339118376,1094383956617805825,39.9567,-83.0038
Sat Feb 09 23:21:23 +0000 2019,22426858,1094375739070152704,39.9611755,-82.9987942
Sat Feb 09 23:20:44 +0000 2019,23473569,1094375574787653632,39.9611755,-82.9987942
Sat Feb 09 23:17:41 +0000 2019,330373100,1094374806647160832,39.9624,-82.9996
Sat Feb 09 22:58:31 +0000 2019,339118376,1094369984082571264,39.9567,-83.0038
Sat Feb 09 22:45:48 +0000 2019,71721845,1094366782746329089,39.9611755,-82.9987942
Sat Feb 09 22:41:46 +0000 2019,344882579,1094365771772370950,39.96000075,-82.99898386
Sat Feb 09 22:37:30 +0000 2019,381139645,1094364695249780737,39.9624,-82.9996
Sat Feb 09 22:12:53 +0000 2019,20491093,1094358500761837571,39.96948,-83.0049
Sat Feb 09 22:11:40 +0000 2019,725723552431788032,1094358195143729152,39.9624,-82.9996
Sat Feb 09 21:57:57 +0000 2019,31155727,1094354742237585408,39.9667,-83.0
Sat Feb 09 21:29:58 +0000 2019,22976404,1094347702773604352,39.9611755,-82.9987942
Sat Feb 09 20:38:54 +0000 2019,22733920,1094334849886769152,39.9611755,-82.9987942
Sat Feb 09 20:38:18 +0000 2019,18069553,1094334698220908545,39.96000075,-82.99898386
Sat Feb 09 20:37:53 +0000 2019,57994489,1094334592671051777,39.96102885,-82.99884441
Sat Feb 09 20:24:12 +0000 2019,22149548,1094331148317016064,39.9611755,-82.9987942
Sat Feb 09 20:07:47 +0000 2019,23320531,1094327019100299264,39.9602601,-83.0092803
Sat Feb 09 19:47:58 +0000 2019,772671919,1094322030256771072,39.9576,-83.0116
Sat Feb 09 19:46:03 +0000 2019,772671919,1094321549551849472,39.9576,-83.0116
Sat Feb 09 19:38:55 +0000 2019,44149552,1094319753265479680,39.9624,-82.9996
Sat Feb 09 19:32:23 +0000 2019,37936115,1094318109488427008,39.9611755,-82.9987942
Sat Feb 09 19:29:13 +0000 2019,23234447,1094317311488479232,39.9611755,-82.9987942
Sat Feb 09 19:23:58 +0000 2019,74030988,1094315991197085696,39.9624,-82.9996
Sat Feb 09 19:20:04 +0000 2019,36110723,1094315008354381827,39.96905926,-83.00611194
Sat Feb 09 19:17:17 +0000 2019,588688972,1094314308710924288,39.96911253,-83.00597706
Sat Feb 09 19:16:12 +0000 2019,21195970,1094314038375239681,39.9611755,-82.9987942
Sat Feb 09 18:57:37 +0000 2019,18069553,1094309360203816960,39.95986,-82.99892
Sat Feb 09 18:51:29 +0000 2019,314161679,1094307817559736320,39.9611755,-82.9987942
Sat Feb 09 18:29:53 +0000 2019,20249452,1094302379975921664,39.9624,-82.9996
Sat Feb 09 18:14:07 +0000 2019,118562908,1094298413951152128,39.9611755,-82.9987942
Sat Feb 09 18:10:33 +0000 2019,22149548,1094297517515100161,39.9602601,-83.0092803
Sat Feb 09 18:08:57 +0000 2019,367415782,1094297113251311616,39.96905926,-83.00611194
Sat Feb 09 18:04:35 +0000 2019,925744053223800832,1094296013446078464,39.9611755,-82.9987942
Sat Feb 09 17:52:11 +0000 2019,85623235,1094292893987004421,39.9624,-82.9996
Sat Feb 09 17:49:03 +0000 2019,23234447,1094292103306203136,39.9611755,-82.9987942
Sat Feb 09 17:46:17 +0000 2019,17975599,1094291410855948288,39.96000075,-82.99898386
Sat Feb 09 17:29:47 +0000 2019,3351367552,1094287254569345025,39.9624,-82.9996
Sat Feb 09 17:26:19 +0000 2019,772671919,1094286386105004032,39.96905926,-83.00611194
Sat Feb 09 17:20:04 +0000 2019,40844092,1094284809801789441,39.9624,-82.9996
Sat Feb 09 17:19:02 +0000 2019,65378844,1094284552418349057,39.9576,-83.0116
Sat Feb 09 17:18:27 +0000 2019,22733920,1094284405013504001,39.9611755,-82.9987942
Sat Feb 09 17:15:49 +0000 2019,34490417,1094283740950421505,39.96905926,-83.00611194
Sat Feb 09 17:14:15 +0000 2019,1373584280,1094283346971058176,39.96905926,-83.00611194
Sat Feb 09 17:10:26 +0000 2019,23519058,1094282385418477570,39.96484,-82.99005
Sat Feb 09 16:59:33 +0000 2019,2731930901,1094279648173850626,39.9624,-82.9996
Sat Feb 09 16:46:29 +0000 2019,155695587,1094276358190977024,39.9624,-82.9996
Sat Feb 09 16:44:39 +0000 2019,2331749618,1094275897786392576,39.96905926,-83.00611194
Sat Feb 09 16:36:27 +0000 2019,216885888,1094273835262664705,39.9624,-82.9996
Sat Feb 09 16:35:36 +0000 2019,155695587,1094273622254903299,39.9624,-82.9996
Sat Feb 09 16:29:52 +0000 2019,27315002,1094272177308819458,39.96905926,-83.00611194
Sat Feb 09 16:23:39 +0000 2019,2731930901,1094270615253528576,39.9624,-82.9996
Sat Feb 09 16:23:05 +0000 2019,155695587,1094270471153963008,39.9624,-82.9996
Sat Feb 09 16:17:30 +0000 2019,128093173,1094269066167107584,39.96929276,-83.00593615
Sat Feb 09 16:08:58 +0000 2019,23234447,1094266919195009025,39.9611755,-82.9987942
Sat Feb 09 16:06:56 +0000 2019,3350099602,1094266405191647233,39.96905926,-83.00611194
Sat Feb 09 16:06:39 +0000 2019,188185944,1094266335360512000,39.9611755,-82.9987942
Sat Feb 09 15:58:07 +0000 2019,22149548,1094264189869207553,39.9611755,-82.9987942
Sat Feb 09 15:52:17 +0000 2019,22976404,1094262718121500672,39.9611755,-82.9987942
Sat Feb 09 15:48:48 +0000 2019,1918967630,1094261841931296768,39.96905926,-83.00611194
Sat Feb 09 15:40:55 +0000 2019,22142598,1094259859057303552,39.96905926,-83.00611194
Sat Feb 09 15:22:55 +0000 2019,4615779196,1094255327577423872,39.96905926,-83.00611194
Sat Feb 09 15:21:45 +0000 2019,194249327,1094255037725855744,39.969796,-83.004326
Sat Feb 09 15:17:03 +0000 2019,180018023,1094253854244331521,39.9611755,-82.9987942
Sat Feb 09 15:12:43 +0000 2019,21195890,1094252762513104906,39.9611755,-82.9987942
Sat Feb 09 15:01:56 +0000 2019,24448646,1094250049352028161,39.9624,-82.9996
Sat Feb 09 14:54:33 +0000 2019,89214630,1094248191283740679,39.9624,-82.9996
Sat Feb 09 14:54:03 +0000 2019,15948489,1094248063768633344,39.96929276,-83.00593615
Sat Feb 09 14:37:57 +0000 2019,2884188333,1094244013497090050,39.9624,-82.9996
Sat Feb 09 14:33:02 +0000 2019,890017508195020800,1094242775250288641,39.95965068,-83.01110155
Sat Feb 09 14:07:00 +0000 2019,145055475,1094236223764393986,39.96000075,-82.99898386
Sat Feb 09 13:40:45 +0000 2019,326248015,1094229617508900864,39.9624,-82.9996
Sat Feb 09 13:26:05 +0000 2019,748305746220064769,1094225925556879361,39.96438667,-83.00344722
Sat Feb 09 13:24:55 +0000 2019,57994489,1094225631880069120,39.96102885,-82.99884441
Sat Feb 09 13:21:12 +0000 2019,57994489,1094224698815045633,39.96102885,-82.99884441
Sat Feb 09 13:03:08 +0000 2019,22804391,1094220152596353024,39.9611755,-82.9987942
Sat Feb 09 13:01:00 +0000 2019,44941518,1094219616832970752,39.9597568,-82.9980672
Sat Feb 09 12:08:27 +0000 2019,20491093,1094206390380433408,39.96929276,-83.00593615
Sat Feb 09 11:59:27 +0000 2019,1172324184,1094204124193730560,39.9624,-82.9996
Sat Feb 09 11:14:14 +0000 2019,942461432855236609,1094192748167540736,39.9624,-82.9996
Sat Feb 09 10:59:35 +0000 2019,40823663,1094189059143012352,39.9624,-82.9996
Sat Feb 09 09:03:55 +0000 2019,57994489,1094159949779808261,39.96102885,-82.99884441
Sat Feb 09 05:28:40 +0000 2019,83939074,1094105782025629696,39.95668,-82.99609
Sat Feb 09 05:16:21 +0000 2019,330373100,1094102680451121152,39.9624,-82.9996
Sat Feb 09 02:30:49 +0000 2019,83932375,1094061025882603521,39.95643,-82.99572
Sat Feb 09 01:35:53 +0000 2019,61486997,1094047200970080256,39.9624,-82.9996
Sat Feb 09 01:16:14 +0000 2019,3296779995,1094042255864680449,39.9624,-82.9996
Sat Feb 09 01:00:28 +0000 2019,581403546,1094038287180693505,39.95631,-82.995506
Sat Feb 09 00:50:58 +0000 2019,45235012,1094035896876249089,39.9624,-82.9996
Sat Feb 09 00:39:11 +0000 2019,15268115,1094032930492407808,39.95986,-82.99892
Sat Feb 09 00:27:55 +0000 2019,20271607,1094030094996099073,39.96000075,-82.99898386
Sat Feb 09 00:06:17 +0000 2019,138350409,1094024651817181184,39.9624,-82.9996
Sat Feb 09 00:05:23 +0000 2019,35477783,1094024424515235841,39.9624,-82.9996
Fri Feb 08 23:58:15 +0000 2019,390747900,1094022628854001664,39.9624,-82.9996
Fri Feb 08 23:57:51 +0000 2019,22733920,1094022527553220608,39.9602601,-83.0092803
Fri Feb 08 22:42:52 +0000 2019,118562908,1094003658067345409,39.9611755,-82.9987942
Fri Feb 08 22:37:32 +0000 2019,99878467,1094002315558715392,39.9611755,-82.9987942
Fri Feb 08 22:36:00 +0000 2019,97046418,1094001932757331968,39.9705,-83.0046
Fri Feb 08 22:30:32 +0000 2019,925744053223800832,1094000556639547392,39.9611755,-82.9987942
Fri Feb 08 21:55:58 +0000 2019,97046418,1093991855354724352,39.9698,-83.0043
Fri Feb 08 21:50:55 +0000 2019,21195890,1093990583922651137,39.9611755,-82.9987942
Fri Feb 08 21:45:59 +0000 2019,97046418,1093989341632872450,39.9698,-83.0043
Fri Feb 08 21:29:02 +0000 2019,22976404,1093985078810570757,39.9602601,-83.0092803
Fri Feb 08 21:26:01 +0000 2019,37936115,1093984319599665152,39.9611755,-82.9987942
Fri Feb 08 21:20:11 +0000 2019,23234447,1093982849391157248,39.9611755,-82.9987942
Fri Feb 08 21:05:42 +0000 2019,23473569,1093979206646620160,39.9611755,-82.9987942
Fri Feb 08 20:48:35 +0000 2019,40029023,1093974899759042560,39.9624,-82.9996
Fri Feb 08 20:44:18 +0000 2019,21195890,1093973819826434048,39.9611755,-82.9987942
Fri Feb 08 20:32:55 +0000 2019,581228933,1093970956056330240,39.9611755,-82.9987942
Fri Feb 08 20:21:34 +0000 2019,22976404,1093968098812583938,39.9611755,-82.9987942
Fri Feb 08 20:07:01 +0000 2019,437198637,1093964439139713024,39.9624,-82.9996
Fri Feb 08 19:53:41 +0000 2019,147820159,1093961082341752832,39.9624,-82.9996
Fri Feb 08 19:41:58 +0000 2019,898857463,1093958132038942720,39.9624,-82.9996
Fri Feb 08 19:40:58 +0000 2019,155695587,1093957882360430597,39.9624,-82.9996
Fri Feb 08 19:37:14 +0000 2019,930134300598657027,1093956941515276300,39.9624,-82.9996
Fri Feb 08 19:23:41 +0000 2019,745857596700131329,1093953531956977664,39.9624,-82.9996
Fri Feb 08 18:59:45 +0000 2019,118562908,1093947509838237696,39.9611755,-82.9987942
Fri Feb 08 18:57:44 +0000 2019,57994489,1093947001702559744,39.96102885,-82.99884441
Fri Feb 08 18:48:51 +0000 2019,23214899,1093944768134955008,39.9611755,-82.9987942
Fri Feb 08 18:43:41 +0000 2019,23213147,1093943466713726976,39.9602601,-83.0092803
Fri Feb 08 18:13:53 +0000 2019,21211742,1093935966518214657,39.9624,-82.9996
Fri Feb 08 18:11:11 +0000 2019,71721845,1093935286835236864,39.9611755,-82.9987942
Fri Feb 08 18:10:29 +0000 2019,22149548,1093935112851312640,39.9611755,-82.9987942
Fri Feb 08 18:00:21 +0000 2019,16695300,1093932560487534593,39.96824338,-83.00512923
Fri Feb 08 17:44:28 +0000 2019,17866318,1093928565811396609,39.9624,-82.9996
Fri Feb 08 17:24:41 +0000 2019,21195890,1093923586929188864,39.9611755,-82.9987942
Fri Feb 08 17:18:20 +0000 2019,22733920,1093921989314543616,39.9602601,-83.0092803
Fri Feb 08 17:17:02 +0000 2019,2980749760,1093921661164945410,39.9624,-82.9996
Fri Feb 08 17:01:38 +0000 2019,288297345,1093917786336829441,39.9624,-82.9996
Fri Feb 08 16:59:08 +0000 2019,22976404,1093917153886056448,39.9611755,-82.9987942
Fri Feb 08 16:56:05 +0000 2019,288297345,1093916386437394432,39.9624,-82.9996
Fri Feb 08 16:43:16 +0000 2019,28457303,1093913162347208704,39.9602601,-83.0092803
Fri Feb 08 16:25:57 +0000 2019,20491093,1093908805853696000,39.96905926,-83.00611194
Fri Feb 08 16:09:16 +0000 2019,168752747,1093904606629949440,39.9667,-83.0
Fri Feb 08 15:45:31 +0000 2019,99878467,1093898628068851713,39.9611755,-82.9987942
Fri Feb 08 15:45:11 +0000 2019,43373046,1093898543495086081,39.9624,-82.9996
Fri Feb 08 15:40:52 +0000 2019,26604861,1093897458503958529,39.9624,-82.9996
Fri Feb 08 15:29:49 +0000 2019,257509781,1093894677445505024,39.9611755,-82.9987942
Fri Feb 08 14:55:08 +0000 2019,942461432855236609,1093885949312786433,39.9624,-82.9996
Fri Feb 08 14:49:13 +0000 2019,71721845,1093884459978391552,39.9611755,-82.9987942
Fri Feb 08 14:44:02 +0000 2019,22976404,1093883156938219521,39.9611755,-82.9987942
Fri Feb 08 14:40:02 +0000 2019,103721941,1093882147847524352,39.9624,-82.9996
Fri Feb 08 14:25:03 +0000 2019,378093907,1093878380859076608,39.9624,-82.9996
Fri Feb 08 14:21:39 +0000 2019,1172324184,1093877522385653761,39.9624,-82.9996
Fri Feb 08 13:50:58 +0000 2019,326248015,1093869801762516992,39.9624,-82.9996
Fri Feb 08 13:00:13 +0000 2019,24283302,1093857029163085824,39.9611755,-82.9987942
Fri Feb 08 12:54:19 +0000 2019,904282334,1093855546350829568,39.9624,-82.9996
Fri Feb 08 12:37:31 +0000 2019,57994489,1093851317640916992,39.96102885,-82.99884441
Fri Feb 08 12:27:57 +0000 2019,57994489,1093848908214595584,39.96102885,-82.99884441
Fri Feb 08 12:22:58 +0000 2019,2796047568,1093847655405375488,39.9624,-82.9996
Fri Feb 08 11:01:13 +0000 2019,942461432855236609,1093827081459232770,39.9624,-82.9996
Fri Feb 08 04:56:20 +0000 2019,57994489,1093735255905890305,39.96102885,-82.99884441
Fri Feb 08 04:51:06 +0000 2019,1140339054,1093733940215463936,39.9624,-82.9996
Fri Feb 08 04:41:03 +0000 2019,37929470,1093731412614746112,39.9693,-83.0015
Fri Feb 08 04:17:22 +0000 2019,57994489,1093725449044221952,39.96102885,-82.99884441
Fri Feb 08 03:54:51 +0000 2019,22142598,1093719782065491968,39.96905926,-83.00611194
Fri Feb 08 03:48:39 +0000 2019,201902189,1093718221956407296,39.9624,-82.9996
Fri Feb 08 03:19:35 +0000 2019,942461432855236609,1093710909942288384,39.9624,-82.9996
Fri Feb 08 02:58:38 +0000 2019,24327104,1093705638369062912,39.9624,-82.9996
Fri Feb 08 02:27:33 +0000 2019,82428287,1093697813748301824,39.9624,-82.9996
Fri Feb 08 02:24:08 +0000 2019,19652583,1093696953563529216,39.9624,-82.9996
Fri Feb 08 02:00:42 +0000 2019,46326119,1093691058284707842,39.9624,-82.9996
Fri Feb 08 01:58:00 +0000 2019,47172899,1093690376848793600,39.96000075,-82.99898386
Fri Feb 08 00:36:16 +0000 2019,78213,1093669810444136448,39.96028111,-82.99909048
Fri Feb 08 00:30:12 +0000 2019,20491093,1093668281288925185,39.96000075,-82.99898386
Fri Feb 08 00:07:48 +0000 2019,20491093,1093662643238420480,39.96028111,-82.99909048
Fri Feb 08 00:04:49 +0000 2019,36721094,1093661895117193217,39.96028111,-82.99909048
Thu Feb 07 23:09:45 +0000 2019,486250701,1093648036104785921,39.9624,-82.9996
Thu Feb 07 23:03:15 +0000 2019,23234447,1093646400355627008,39.9611755,-82.9987942
Thu Feb 07 22:54:57 +0000 2019,22060116,1093644310585565184,39.9611755,-82.9987942
Thu Feb 07 22:52:02 +0000 2019,1140339054,1093643579023486976,39.9624,-82.9996
Thu Feb 07 22:48:36 +0000 2019,36721094,1093642713428361216,39.95934343,-83.0000131
Thu Feb 07 22:40:53 +0000 2019,188185944,1093640769657745408,39.9611755,-82.9987942
Thu Feb 07 22:36:25 +0000 2019,22149548,1093639648981598209,39.9602601,-83.0092803
Thu Feb 07 22:23:21 +0000 2019,54979435,1093636360504672256,39.9624,-82.9996
Thu Feb 07 22:18:00 +0000 2019,314161679,1093635011322904576,39.9611755,-82.9987942
Thu Feb 07 22:13:18 +0000 2019,99878467,1093633831997911040,39.9611755,-82.9987942
Thu Feb 07 22:08:01 +0000 2019,258098105,1093632500243415040,39.9624,-82.9996
Thu Feb 07 22:05:55 +0000 2019,930775286,1093631971622821888,39.96921,-82.99746
Thu Feb 07 21:56:22 +0000 2019,104709658,1093629568655769603,39.961392,-82.999065
Thu Feb 07 21:52:11 +0000 2019,288297345,1093628518058082304,39.9624,-82.9996
Thu Feb 07 21:49:33 +0000 2019,112573719,1093627854363992066,39.9624,-82.9996
Thu Feb 07 21:42:50 +0000 2019,155695587,1093626161815420928,39.9624,-82.9996
Thu Feb 07 21:41:45 +0000 2019,23320531,1093625890234191872,39.9602601,-83.0092803
Thu Feb 07 21:35:28 +0000 2019,21196047,1093624308566437888,39.9602601,-83.0092803
Thu Feb 07 21:23:20 +0000 2019,930775286,1093621257206140929,39.9641,-82.9966
Thu Feb 07 21:19:59 +0000 2019,930775286,1093620412024569856,39.96921,-82.99746
Thu Feb 07 21:05:21 +0000 2019,43639228,1093616729811341312,39.9611755,-82.9987942
Thu Feb 07 20:57:58 +0000 2019,40844092,1093614871415934977,39.9624,-82.9996
Thu Feb 07 20:43:27 +0000 2019,21195890,1093611218919518208,39.9611755,-82.9987942
Thu Feb 07 20:37:59 +0000 2019,930775286,1093609844123279366,39.9641,-82.9966
Thu Feb 07 20:37:17 +0000 2019,22733920,1093609664783179777,39.9602601,-83.0092803
Thu Feb 07 19:58:52 +0000 2019,43639228,1093599997658951683,39.9602601,-83.0092803
Thu Feb 07 19:30:28 +0000 2019,22733920,1093592853068926976,39.9602601,-83.0092803
Thu Feb 07 19:13:26 +0000 2019,22976404,1093588563688452096,39.9602601,-83.0092803
Thu Feb 07 19:06:36 +0000 2019,57994489,1093586847362478080,39.9667,-83.0
Thu Feb 07 18:55:43 +0000 2019,21195790,1093584107374690305,39.9611755,-82.9987942
Thu Feb 07 18:17:18 +0000 2019,22060116,1093574440544198657,39.9611755,-82.9987942
Thu Feb 07 17:37:00 +0000 2019,104709658,1093564295500185601,39.961392,-82.999065
Thu Feb 07 17:36:41 +0000 2019,104709658,1093564215888175105,39.961392,-82.999065
Thu Feb 07 17:23:43 +0000 2019,21195890,1093560954342715393,39.9611755,-82.9987942
Thu Feb 07 17:16:51 +0000 2019,22733920,1093559225819656192,39.9611755,-82.9987942
Thu Feb 07 17:10:32 +0000 2019,230945165,1093557635448750082,39.96000075,-82.99898386
Thu Feb 07 16:47:54 +0000 2019,330373100,1093551939063812096,39.9624,-82.9996
Thu Feb 07 16:07:55 +0000 2019,203628920,1093541879545659392,39.95389,-82.9992199
Thu Feb 07 15:53:32 +0000 2019,117868720,1093538259823583232,39.9611755,-82.9987942
Thu Feb 07 15:44:53 +0000 2019,18554896,1093536082027782145,39.96905926,-83.00611194
Thu Feb 07 15:24:30 +0000 2019,896822971905560576,1093530951441936384,39.96029,-83.00063
Thu Feb 07 15:13:12 +0000 2019,55673694,1093528107342942210,39.9667,-83.0
Thu Feb 07 15:03:22 +0000 2019,896822971905560576,1093525632573530113,39.96029,-83.00063
Thu Feb 07 14:42:54 +0000 2019,23214899,1093520481351680000,39.9611755,-82.9987942
Thu Feb 07 14:14:55 +0000 2019,203628920,1093513441296302080,39.95503,-82.99987
Thu Feb 07 14:04:20 +0000 2019,27694505,1093510778982985733,39.9624,-82.9996
Thu Feb 07 14:00:09 +0000 2019,22864216,1093509725377900544,39.9611755,-82.9987942
Thu Feb 07 13:48:46 +0000 2019,37936115,1093506858415927296,39.9611755,-82.9987942
Thu Feb 07 13:39:00 +0000 2019,850740047729090569,1093504402923507712,39.9624,-82.9996
Thu Feb 07 12:04:21 +0000 2019,4785159856,1093480582477217792,39.9624,-82.9996
Thu Feb 07 10:56:30 +0000 2019,942461432855236609,1093463506207174656,39.9624,-82.9996
Thu Feb 07 10:50:40 +0000 2019,820560770052268032,1093462038414712832,39.9624,-82.9996
Thu Feb 07 09:53:11 +0000 2019,57994489,1093447574856523777,39.96196,-83.00133
Thu Feb 07 06:11:16 +0000 2019,57994489,1093391727019274240,39.96250068,-83.00222397
Thu Feb 07 05:46:28 +0000 2019,104709658,1093385483512676353,39.961392,-82.999065
Thu Feb 07 03:21:40 +0000 2019,785315365,1093349046469545984,39.9611755,-82.9987942
Thu Feb 07 03:20:42 +0000 2019,24448646,1093348803468439552,39.9624,-83.002
Thu Feb 07 03:19:36 +0000 2019,15208733,1093348526929702912,39.9624,-82.9996
Thu Feb 07 03:16:22 +0000 2019,104709658,1093347711837982720,39.961392,-82.999065
Thu Feb 07 03:16:13 +0000 2019,104709658,1093347671748812800,39.961392,-82.999065
Thu Feb 07 02:16:17 +0000 2019,104709658,1093332590210269187,39.961392,-82.999065
Thu Feb 07 02:02:57 +0000 2019,914943715,1093329235618390016,39.9624,-82.9996
Thu Feb 07 01:56:22 +0000 2019,104709658,1093327577585012737,39.961392,-82.999065
Thu Feb 07 01:56:11 +0000 2019,14599963,1093327532345167872,39.96556991,-83.01012448
Thu Feb 07 01:19:37 +0000 2019,2312536428,1093318330235027456,39.9624,-82.9996
Thu Feb 07 00:56:22 +0000 2019,104709658,1093312477671100416,39.961392,-82.999065
Thu Feb 07 00:26:12 +0000 2019,104709658,1093304889617330176,39.961392,-82.999065
Thu Feb 07 00:20:22 +0000 2019,253904330,1093303421527093248,39.96000075,-82.99898386
Thu Feb 07 00:06:12 +0000 2019,104709658,1093299855689162752,39.961392,-82.999065
Thu Feb 07 00:03:43 +0000 2019,503590632,1093299229764788225,39.962941,-82.99693889
Wed Feb 06 23:49:14 +0000 2019,22632993,1093295585183129600,39.95683646,-83.01086388
Wed Feb 06 23:48:03 +0000 2019,295795110,1093295285374054402,39.9624,-82.9996
Wed Feb 06 23:47:45 +0000 2019,930775286,1093295210203922433,39.96525,-82.9985
Wed Feb 06 23:29:03 +0000 2019,22060116,1093290506698711040,39.9611755,-82.9987942
Wed Feb 06 23:06:41 +0000 2019,104709658,1093284877099782144,39.961392,-82.999065
Wed Feb 06 22:58:30 +0000 2019,118562908,1093282816186507264,39.9611755,-82.9987942
Wed Feb 06 22:53:53 +0000 2019,849043330751242240,1093281656050397185,39.96950486,-83.00450506
Wed Feb 06 22:39:51 +0000 2019,21196047,1093278124760944640,39.9611755,-82.9987942
Wed Feb 06 22:33:47 +0000 2019,21195970,1093276598176903168,39.959765,-83.0004234
Wed Feb 06 22:29:18 +0000 2019,55232208,1093275467904372736,39.9624,-82.9996
Wed Feb 06 22:28:17 +0000 2019,437198637,1093275214933221376,39.9624,-82.9996
Wed Feb 06 22:16:46 +0000 2019,104709658,1093272314119106560,39.961392,-82.999065
Wed Feb 06 21:56:21 +0000 2019,104709658,1093267178198106112,39.961392,-82.999065
Wed Feb 06 21:52:24 +0000 2019,180018023,1093266181279014912,39.9611755,-82.9987942
Wed Feb 06 21:42:35 +0000 2019,22733920,1093263710578139136,39.9602601,-83.0092803
Wed Feb 06 20:56:29 +0000 2019,150018381,1093252110282620943,39.9624,-82.9996
Wed Feb 06 20:03:07 +0000 2019,493196835,1093238680033153028,39.9624,-82.9996
Wed Feb 06 19:31:09 +0000 2019,117868720,1093230637056589824,39.9611755,-82.9987942
Wed Feb 06 19:22:59 +0000 2019,118562908,1093228580606140416,39.9611755,-82.9987942
Wed Feb 06 19:13:40 +0000 2019,19825403,1093226236313329666,39.9624,-82.9996
Wed Feb 06 19:11:39 +0000 2019,112312570,1093225730618679296,39.966,-82.99314
Wed Feb 06 18:53:23 +0000 2019,3866258417,1093221130469498880,39.9624,-82.9996
Wed Feb 06 18:06:30 +0000 2019,21195970,1093209331699408896,39.9611755,-82.9987942
Wed Feb 06 17:54:31 +0000 2019,1540092294,1093206318519803904,39.9624,-82.9996
Wed Feb 06 17:17:55 +0000 2019,238818218,1093197106829873152,39.9624,-82.9996
Wed Feb 06 16:35:56 +0000 2019,15870312,1093186541164421120,39.9624,-82.9996
Wed Feb 06 16:01:08 +0000 2019,518816633,1093177782811676672,39.9624,-82.9996
Wed Feb 06 15:49:24 +0000 2019,22976404,1093174829140783106,39.9611755,-82.9987942
Wed Feb 06 15:39:09 +0000 2019,456445050,1093172251720077312,39.9573899,-83.01094
Wed Feb 06 15:26:43 +0000 2019,43639228,1093169121884233728,39.9611755,-82.9987942
Wed Feb 06 15:18:11 +0000 2019,22504772,1093166976069861376,39.9624,-82.9996
Wed Feb 06 15:14:52 +0000 2019,40844092,1093166138421334016,39.9624,-82.9996
Wed Feb 06 15:03:08 +0000 2019,314161679,1093163187417935872,39.9611755,-82.9987942
Wed Feb 06 14:54:28 +0000 2019,2162960240,1093161007382441984,39.9624,-82.9996
Wed Feb 06 13:05:38 +0000 2019,155695587,1093133618174517248,39.9624,-82.9996
Wed Feb 06 12:53:34 +0000 2019,57994489,1093130579250278402,39.96250068,-83.00222397
Wed Feb 06 10:31:59 +0000 2019,942461432855236609,1093094950588174337,39.9624,-82.9996
Wed Feb 06 06:59:36 +0000 2019,57994489,1093041503859990528,39.96271,-83.00341
Wed Feb 06 05:33:36 +0000 2019,30160688,1093019859112288261,39.9624,-82.9996
Wed Feb 06 03:53:15 +0000 2019,239442621,1092994605304360960,39.9624,-82.9996
Wed Feb 06 02:34:02 +0000 2019,1017398232966627328,1092974671778086913,39.9624,-82.9996
Wed Feb 06 02:15:59 +0000 2019,16437770,1092970126427607040,39.967205,-82.996048
Wed Feb 06 01:50:20 +0000 2019,80053171,1092963672907870209,39.9624,-82.9996
Wed Feb 06 01:49:22 +0000 2019,1017398232966627328,1092963430032596993,39.9624,-82.9996
Wed Feb 06 01:40:26 +0000 2019,88723083,1092961181252313089,39.9624,-82.9996
Wed Feb 06 00:53:44 +0000 2019,30160688,1092949430880387072,39.967205,-82.996048
Wed Feb 06 00:50:53 +0000 2019,30160688,1092948712018522117,39.9624,-82.9996
Wed Feb 06 00:16:38 +0000 2019,19111236,1092940092996374530,39.95986,-82.99892
Wed Feb 06 00:15:17 +0000 2019,2312536428,1092939750959431680,39.96000075,-82.99898386
Wed Feb 06 00:13:39 +0000 2019,303433655,1092939341054312448,39.96000075,-82.99898386
Tue Feb 05 23:11:25 +0000 2019,43639228,1092923681876041728,39.9611755,-82.9987942
Tue Feb 05 22:54:07 +0000 2019,21195890,1092919325814484992,39.9611755,-82.9987942
Tue Feb 05 22:51:28 +0000 2019,348255385,1092918657926262790,39.9624,-82.9996
Tue Feb 05 22:49:37 +0000 2019,99156545,1092918193570672641,39.96219,-83.00213
Tue Feb 05 22:33:31 +0000 2019,21195790,1092914141470154752,39.9611755,-82.9987942
Tue Feb 05 22:31:29 +0000 2019,18295688,1092913631874797569,39.9624,-82.9996
Tue Feb 05 22:11:42 +0000 2019,118562908,1092908651444981761,39.9611755,-82.9987942
Tue Feb 05 22:06:12 +0000 2019,104709658,1092907265575845888,39.961392,-82.999065
Tue Feb 05 22:04:50 +0000 2019,43639228,1092906923739869184,39.9611755,-82.9987942
Tue Feb 05 21:56:45 +0000 2019,104709658,1092904888688959493,39.961392,-82.999065
Tue Feb 05 21:56:07 +0000 2019,104709658,1092904728655212547,39.961392,-82.999065
Tue Feb 05 21:47:39 +0000 2019,104709658,1092902597596450817,39.961392,-82.999065
Tue Feb 05 21:47:24 +0000 2019,104709658,1092902537664053250,39.961392,-82.999065
Tue Feb 05 21:46:47 +0000 2019,21195890,1092902381715476480,39.9611755,-82.9987942
Tue Feb 05 21:41:50 +0000 2019,903926353,1092901135285800960,39.9611755,-82.9987942
Tue Feb 05 21:32:38 +0000 2019,793777357,1092898822018088960,39.9611755,-82.9987942
Tue Feb 05 21:32:19 +0000 2019,850740047729090569,1092898740854243330,39.9624,-82.9996
Tue Feb 05 21:22:04 +0000 2019,22976404,1092896161969520640,39.9602601,-83.0092803
Tue Feb 05 21:05:30 +0000 2019,295795110,1092891991057195008,39.9624,-82.9996
Tue Feb 05 20:18:28 +0000 2019,22149548,1092880154060251136,39.9611755,-82.9987942
Tue Feb 05 19:33:42 +0000 2019,21195890,1092868890399571973,39.9611755,-82.9987942
Tue Feb 05 19:26:27 +0000 2019,104709658,1092867063222284288,39.961392,-82.999065
Tue Feb 05 19:07:59 +0000 2019,23320531,1092862418307317760,39.9602601,-83.0092803
Tue Feb 05 18:53:59 +0000 2019,118562908,1092858893791711232,39.9611755,-82.9987942
Tue Feb 05 18:09:03 +0000 2019,942461432855236609,1092847587701518336,39.9624,-82.9996
Tue Feb 05 18:04:31 +0000 2019,22149548,1092846447253286912,39.9680291,-83.003068
Tue Feb 05 17:53:51 +0000 2019,20491093,1092843761061765125,39.96905926,-83.00611194
Tue Feb 05 17:40:12 +0000 2019,28457303,1092840324479610880,39.9611755,-82.9987942
Tue Feb 05 17:38:48 +0000 2019,43639228,1092839974158757888,39.9611755,-82.9987942
Tue Feb 05 17:34:09 +0000 2019,581403546,1092838804258353152,39.9624,-82.9996
Tue Feb 05 16:57:43 +0000 2019,22149548,1092829636457709568,39.9611755,-82.9987942
Tue Feb 05 16:50:01 +0000 2019,14869861,1092827699578589184,39.9624,-82.9996
Tue Feb 05 16:23:25 +0000 2019,57994489,1092821004454223872,39.9604,-83.0025
Tue Feb 05 16:09:32 +0000 2019,2246313732,1092817510351527936,39.9624,-82.9996
Tue Feb 05 15:52:16 +0000 2019,71721845,1092813162770886656,39.9611755,-82.9987942
Tue Feb 05 15:50:58 +0000 2019,22149548,1092812838618296321,39.9602601,-83.0092803
Tue Feb 05 15:37:15 +0000 2019,118562908,1092809384294416384,39.9611755,-82.9987942
Tue Feb 05 15:02:10 +0000 2019,21195890,1092800558149394434,39.9611755,-82.9987942
Tue Feb 05 14:02:55 +0000 2019,196279557,1092785645095837696,39.9624,-82.9996
Tue Feb 05 13:31:01 +0000 2019,493942205,1092777617512644608,39.9624,-82.9996
Tue Feb 05 12:42:09 +0000 2019,20491093,1092765321394565121,39.96929276,-83.00593615
Tue Feb 05 12:40:24 +0000 2019,942461432855236609,1092764878014681093,39.9624,-82.9996
Tue Feb 05 12:39:13 +0000 2019,57994489,1092764583494729729,39.95653032,-83.00406933
Tue Feb 05 12:29:18 +0000 2019,284531638,1092762087414214656,39.9624,-82.9996
Tue Feb 05 11:16:10 +0000 2019,1062150990,1092743681117810691,39.9624,-82.9996
Tue Feb 05 10:50:02 +0000 2019,942461432855236609,1092737102935027712,39.9624,-82.9996
Tue Feb 05 07:17:05 +0000 2019,57994489,1092683515160743936,39.9604,-83.0025
Tue Feb 05 07:12:56 +0000 2019,57994489,1092682470493904896,39.9604,-83.0025
Tue Feb 05 05:34:41 +0000 2019,61219676,1092657744279031818,39.95667,-82.99608
Tue Feb 05 03:57:28 +0000 2019,198779171,1092633279809929222,39.9624,-82.9996
Tue Feb 05 02:34:45 +0000 2019,109378888,1092612461885378560,39.9624,-82.9996
Tue Feb 05 02:22:55 +0000 2019,787004893,1092609483161759744,39.9624,-82.9996
Tue Feb 05 01:34:12 +0000 2019,716533501,1092597225207799809,39.9624,-82.9996
Tue Feb 05 01:19:08 +0000 2019,24327104,1092593432453877761,39.9624,-82.9996
Tue Feb 05 01:12:55 +0000 2019,140945207,1092591869316354048,39.96880764,-82.99947739
Tue Feb 05 01:10:51 +0000 2019,149698476,1092591347905843200,39.9624,-82.9996
Tue Feb 05 00:53:12 +0000 2019,251806788,1092586905533927424,39.9624,-82.9996
Tue Feb 05 00:16:21 +0000 2019,104709658,1092577633181798400,39.961392,-82.999065
Mon Feb 04 23:56:26 +0000 2019,104709658,1092572619520528384,39.961392,-82.999065
Mon Feb 04 23:28:35 +0000 2019,23234447,1092565610913923072,39.9611755,-82.9987942
Mon Feb 04 23:00:05 +0000 2019,276109670,1092558438511501312,39.9624,-82.9996
Mon Feb 04 22:56:40 +0000 2019,104709658,1092557582085079046,39.961392,-82.999065
Mon Feb 04 22:44:29 +0000 2019,57994489,1092554514052218881,39.95653032,-83.00406933
Mon Feb 04 22:20:34 +0000 2019,437198637,1092548496853483520,39.9624,-82.9996
Mon Feb 04 22:18:04 +0000 2019,15986445,1092547864411090944,39.9624,-82.9996
Mon Feb 04 22:16:16 +0000 2019,104709658,1092547414156890112,39.961392,-82.999065
Mon Feb 04 22:12:56 +0000 2019,29616414,1092546575627280386,39.9624,-82.9996
Mon Feb 04 22:11:19 +0000 2019,22454456,1092546166288306177,39.9602601,-83.0092803
Mon Feb 04 22:06:50 +0000 2019,104709658,1092545040134615040,39.961392,-82.999065
Mon Feb 04 22:02:05 +0000 2019,28457303,1092543842593603584,39.9611755,-82.9987942
Mon Feb 04 21:46:36 +0000 2019,104709658,1092539945464549376,39.961392,-82.999065
Mon Feb 04 21:29:51 +0000 2019,22864216,1092535730033676288,39.9602601,-83.0092803
Mon Feb 04 21:19:20 +0000 2019,21195970,1092533083591520256,39.9611755,-82.9987942
Mon Feb 04 21:15:49 +0000 2019,2934051254,1092532198585106432,39.9624,-82.9996
Mon Feb 04 21:11:19 +0000 2019,41788285,1092531067959992322,39.9624,-82.9996
Mon Feb 04 20:20:41 +0000 2019,71721845,1092518327203688448,39.9611755,-82.9987942
Mon Feb 04 19:38:51 +0000 2019,248278702,1092507799949533184,39.9624,-82.9996
Mon Feb 04 19:38:31 +0000 2019,793777357,1092507715744653312,39.9611755,-82.9987942
Mon Feb 04 19:13:18 +0000 2019,71721845,1092501368412106752,39.9611755,-82.9987942
Mon Feb 04 18:58:35 +0000 2019,20491093,1092497664414044161,39.96929276,-83.00593615
Mon Feb 04 18:44:15 +0000 2019,28457303,1092494058927226880,39.9611755,-82.9987942
Mon Feb 04 18:17:40 +0000 2019,22733920,1092487367254888448,39.9611755,-82.9987942
Mon Feb 04 17:56:53 +0000 2019,1134851982,1092482138291744769,39.9624,-82.9996
Mon Feb 04 17:40:54 +0000 2019,398948224,1092478115799097344,39.96905926,-83.00611194
Mon Feb 04 17:14:07 +0000 2019,21195890,1092471373966893056,39.9611755,-82.9987942
Mon Feb 04 17:10:08 +0000 2019,157798886,1092470373847687168,39.9624,-82.9996
Mon Feb 04 16:38:51 +0000 2019,21974619,1092462501428514816,39.96905926,-83.00611194
Mon Feb 04 16:18:55 +0000 2019,2368570304,1092457483040370688,39.9624,-82.9996
Mon Feb 04 16:09:17 +0000 2019,117868720,1092455060242481152,39.9602601,-83.0092803
Mon Feb 04 15:55:45 +0000 2019,99878467,1092451654564143106,39.9611755,-82.9987942
Mon Feb 04 15:55:26 +0000 2019,552414460,1092451574620672000,39.9624,-82.9996
Mon Feb 04 15:36:13 +0000 2019,118562908,1092446737241788416,39.9611755,-82.9987942
Sun Feb 10 19:13:15 +0000 2019,29693544,1094675684239306754,39.97687366,-82.9987545
Sun Feb 10 17:52:06 +0000 2019,2236425122,1094655262269435904,39.97819,-83.00359
Sun Feb 10 17:46:20 +0000 2019,169255813,1094653809257721856,39.97819,-83.00359
Sun Feb 10 15:27:36 +0000 2019,348255385,1094618897117003776,39.98096,-82.99478
Sun Feb 10 15:23:17 +0000 2019,348255385,1094617810326630400,39.98096,-82.99478
Sun Feb 10 03:39:30 +0000 2019,432531577,1094440697246019584,39.98506,-83.00494
Sun Feb 10 02:48:31 +0000 2019,91378978,1094427867612672000,39.990181,-83.0126877
Sun Feb 10 01:29:08 +0000 2019,20084536,1094407887235907585,39.98728,-83.00594
Sun Feb 10 01:06:14 +0000 2019,323876232,1094402127156236288,39.98725,-83.00462
Sun Feb 10 01:04:10 +0000 2019,323876232,1094401607800782848,39.98725,-83.00462
Sat Feb 09 22:54:05 +0000 2019,2180889829,1094368867764195328,39.98707,-83.00179
Sat Feb 09 20:10:47 +0000 2019,853457761,1094327773118820359,39.98506,-83.00494
Sat Feb 09 19:16:45 +0000 2019,19550141,1094314174908227584,39.97965,-83.00373
Sat Feb 09 18:19:09 +0000 2019,83519373,1094299680979202048,39.97542,-83.00375
Sat Feb 09 03:51:01 +0000 2019,34352139,1094081207384592384,39.9855,-82.9996
Sat Feb 09 03:49:06 +0000 2019,34352139,1094080726952263682,39.9855,-82.9996
Sat Feb 09 01:00:38 +0000 2019,1493815506,1094038328146448384,39.99007598,-83.00622582
Sat Feb 09 00:33:16 +0000 2019,252746570,1094031440159764480,39.987568,-83.00459
Fri Feb 08 22:20:02 +0000 2019,2216409823,1093997912944726017,39.9873098,-83.0057557
Fri Feb 08 12:19:37 +0000 2019,226113616,1093846811129798656,39.98108,-83.00477
Fri Feb 08 02:47:30 +0000 2019,20084536,1093702836775337985,39.98728,-83.00594
Thu Feb 07 23:03:49 +0000 2019,65982514,1093646543679299584,39.97523584,-83.00329911
Thu Feb 07 20:40:22 +0000 2019,368921358,1093610440871931904,39.98533794,-82.99969938
Thu Feb 07 09:37:31 +0000 2019,16526958,1093443629161562112,39.98666,-82.9979019
Wed Feb 06 19:23:11 +0000 2019,786141432,1093228630178709504,39.98195,-83.00472
Wed Feb 06 18:05:45 +0000 2019,3362772975,1093209142330765312,39.983587,-83.00462
Wed Feb 06 17:37:42 +0000 2019,116659681,1093202083837206529,39.98725,-83.00462
Wed Feb 06 16:58:39 +0000 2019,786141432,1093192258986430465,39.98414,-82.99939
Wed Feb 06 13:13:20 +0000 2019,226113616,1093135553569189888,39.98108,-83.00477
Wed Feb 06 04:49:55 +0000 2019,2180889829,1093008864507617285,39.98707,-83.00179
Wed Feb 06 01:59:38 +0000 2019,29693544,1092966012037689346,39.97687366,-82.9987545
Tue Feb 05 19:13:31 +0000 2019,368921358,1092863808421281792,39.98533794,-82.99969938
Tue Feb 05 19:12:13 +0000 2019,116659681,1092863485342633984,39.98723656,-83.00472276
Tue Feb 05 16:56:32 +0000 2019,182207550,1092829338087522304,39.9781,-83.00433
Tue Feb 05 14:06:56 +0000 2019,2796047568,1092786656157941760,39.98111,-83.00415
Sun Feb 10 20:00:35 +0000 2019,433761819,1094687592665120769,39.99482695,-83.01778078
Sun Feb 10 03:43:03 +0000 2019,117183709,1094441590783848449,39.99378424,-83.00623336
Sat Feb 09 21:09:25 +0000 2019,22454456,1094342529963614208,39.9999399,-82.8871767
Sat Feb 09 20:48:05 +0000 2019,173559634,1094337160482742272,39.9999399,-82.8871767
Sat Feb 09 16:20:50 +0000 2019,173559634,1094269904625135616,39.9999399,-82.8871767
Sat Feb 09 00:53:53 +0000 2019,200550985,1094036628480450561,39.99795385,-82.88467361
Thu Feb 07 20:45:40 +0000 2019,173559634,1093611778179616768,39.9999399,-82.8871767
Thu Feb 07 18:04:42 +0000 2019,32695795,1093571266966155265,39.99795385,-82.88467361
Thu Feb 07 16:39:58 +0000 2019,22454456,1093549944915410944,39.9999399,-82.8871767
Thu Feb 07 04:34:06 +0000 2019,32695795,1093367274751315971,39.99795385,-82.88467361
Wed Feb 06 21:31:22 +0000 2019,71721845,1093260887643717633,39.9999399,-82.8871767
Wed Feb 06 15:32:56 +0000 2019,3406069787,1093170686326132736,39.99795385,-82.88467361
Mon Feb 04 14:14:06 +0000 2019,48036551,1092426071583150080,39.99795385,-82.88467361
Mon Feb 04 14:08:49 +0000 2019,3406069787,1092424741481316357,39.99795385,-82.88467361
Mon Feb 04 10:15:19 +0000 2019,19321576,1092365978418200581,39.99795385,-82.88467361
Sun Feb 03 21:32:31 +0000 2019,36721094,1092174015458918401,39.99795385,-82.88467361
Sat Feb 02 20:14:10 +0000 2019,71721845,1091791909016588288,39.9999399,-82.8871767
Sat Feb 02 12:16:51 +0000 2019,16695300,1091671789158182913,39.99795385,-82.88467361
Fri Feb 01 20:26:59 +0000 2019,48036551,1091432749490159616,39.99795385,-82.88467361
Fri Feb 01 18:00:59 +0000 2019,34936522,1091396005562667009,40.0,-82.89
Fri Feb 01 12:02:09 +0000 2019,34936522,1091305703569002497,40.0,-82.89
Fri Feb 01 06:04:51 +0000 2019,34936522,1091215782657314816,40.0,-82.89
Sun Feb 10 02:21:15 +0000 2019,4615779196,1094421003508174848,39.96361111,-82.90833333
Sat Feb 09 15:35:27 +0000 2019,22454456,1094258484135178240,39.9743497,-82.8951411
Fri Feb 08 19:09:42 +0000 2019,326248015,1093950014802391040,39.96703,-82.90522
Thu Feb 07 22:56:24 +0000 2019,21195890,1093644676857442305,39.974583,-82.9049686
Thu Feb 07 14:58:49 +0000 2019,16695300,1093524487461576704,39.97242735,-82.90810447
Fri Feb 01 23:44:15 +0000 2019,326248015,1091482392521596928,39.96703,-82.90522
Fri Feb 01 18:38:30 +0000 2019,23473569,1091405448614277120,39.974583,-82.9049686
Fri Feb 01 17:21:21 +0000 2019,326248015,1091386029305671681,39.96703,-82.90522
Fri Feb 01 16:42:43 +0000 2019,21195970,1091376308158791680,39.9708562,-82.8952759
Sun Feb 10 19:56:55 +0000 2019,31591353,1094686671919026177,40.14551213,-82.9788877
Sun Feb 10 18:46:44 +0000 2019,188185944,1094669009780273152,40.1383458,-82.9809076
Sun Feb 10 16:17:46 +0000 2019,46961881,1094631521212784640,40.1414697,-82.9789531
Sun Feb 10 15:13:38 +0000 2019,21195890,1094615382986379269,40.1455954,-82.9816141
Sun Feb 10 13:57:44 +0000 2019,499189972,1094596278430752768,40.15124357,-82.98446306
Sat Feb 09 19:36:34 +0000 2019,46961881,1094319162787213312,40.1414697,-82.9789531
Sat Feb 09 12:43:16 +0000 2019,346863598,1094215151207645184,40.13981064,-82.98588932
Sat Feb 09 05:41:54 +0000 2019,732227909243535360,1094109113942982656,40.1414697,-82.9789531
Sat Feb 09 01:36:16 +0000 2019,346863598,1094047295660744704,40.13981064,-82.98588932
Sat Feb 09 00:46:03 +0000 2019,13267922,1094034657904156672,40.1487,-82.977
Fri Feb 08 15:37:19 +0000 2019,28457303,1093896565654138881,40.1415928,-82.9773875
Fri Feb 08 13:49:47 +0000 2019,850740047729090569,1093869505040642049,40.14576,-82.9908899
Fri Feb 08 01:45:33 +0000 2019,153139945,1093687245729456129,40.14654958,-82.97604058
Fri Feb 08 01:11:30 +0000 2019,23352984,1093678675122253825,40.14517243,-82.98728809
Thu Feb 07 21:51:31 +0000 2019,346863598,1093628347500949518,40.13981064,-82.98588932
Thu Feb 07 21:05:50 +0000 2019,28457303,1093616851521662976,40.1420033,-82.9770371
Thu Feb 07 16:37:36 +0000 2019,499189972,1093549350477717504,40.15124357,-82.98446306
Thu Feb 07 16:18:24 +0000 2019,173559634,1093544515644715009,40.1420033,-82.9770371
Thu Feb 07 16:06:27 +0000 2019,268095481,1093541509574598656,40.14169,-82.987956
Thu Feb 07 15:31:12 +0000 2019,2580441244,1093532637027721218,40.14561121,-82.99270595
Thu Feb 07 02:17:39 +0000 2019,14081145,1093332935405531136,40.1461487,-82.9952698
Wed Feb 06 22:52:22 +0000 2019,15870312,1093281274561589248,40.145917,-82.978408
Wed Feb 06 20:24:34 +0000 2019,894396989458325504,1093244078928453632,40.1417592,-82.9913557
Wed Feb 06 18:48:24 +0000 2019,23473569,1093219876397694976,40.1414357,-82.9793035
Tue Feb 05 19:54:02 +0000 2019,327569750,1092874006288584704,40.14139187,-82.9917635
Mon Feb 04 17:44:11 +0000 2019,22454456,1092478942643073024,40.1414357,-82.9793035
Sun Feb 03 21:12:46 +0000 2019,21195970,1092169045313413122,40.138135,-82.9788848
Sun Feb 03 20:10:30 +0000 2019,14626501,1092153374273912834,40.14581075,-82.98035638
Sun Feb 03 19:49:12 +0000 2019,28457303,1092148013194067968,40.1383458,-82.9809076
Sun Feb 03 18:43:15 +0000 2019,28457303,1092131416660307969,40.1420033,-82.9770371
Sun Feb 03 02:14:23 +0000 2019,268044192,1091882559426818048,40.14897495,-82.97922595
Sat Feb 02 19:31:24 +0000 2019,986041216889434112,1091781148781539328,40.14767,-82.97453
Sat Feb 02 04:13:03 +0000 2019,3312872461,1091550036469665793,40.1455,-82.9789
Sat Feb 02 02:41:16 +0000 2019,346863598,1091526940610027521,40.13981064,-82.98588932
Sat Feb 02 01:47:50 +0000 2019,116813336,1091513492622868480,40.14767,-82.97453
Fri Feb 01 21:12:01 +0000 2019,250454007,1091444081669099521,40.1452,-82.9816
Fri Feb 01 19:43:17 +0000 2019,4785159856,1091421751379148800,40.145596,-82.9815
Fri Feb 01 18:27:10 +0000 2019,850740047729090569,1091402594260566016,40.14576,-82.9908899
Fri Feb 01 17:00:55 +0000 2019,330550642,1091380890016628737,40.14897495,-82.97922595
Sat Feb 09 22:23:20 +0000 2019,856682460,1094361129005002753,40.10100452,-83.10974836
Sat Feb 09 19:18:43 +0000 2019,71721845,1094314671820046336,40.092565,-83.0941828
Fri Feb 08 20:17:46 +0000 2019,24016265,1093967142469349376,40.10272949,-83.08991783
Fri Feb 08 18:09:06 +0000 2019,21195970,1093934764715692032,40.09745,-83.1002571
Thu Feb 07 13:57:32 +0000 2019,201110361,1093509067463626752,40.10696,-83.09481
Thu Feb 07 02:22:57 +0000 2019,442778967,1093334268653166593,40.09373103,-83.09083611
Tue Feb 05 11:49:22 +0000 2019,3852295643,1092752034921619457,40.10802,-83.10015
Mon Feb 04 21:25:21 +0000 2019,188185944,1092534600960593921,40.1009096,-83.0963381
Mon Feb 04 15:34:46 +0000 2019,26033102,1092446371221778432,40.09650259,-83.10887062
Sun Feb 03 03:49:53 +0000 2019,4218075194,1091906596559618049,40.10100452,-83.10974836
Sun Feb 03 03:42:42 +0000 2019,4218075194,1091904788957061120,40.10100452,-83.10974836
Sun Feb 03 03:39:51 +0000 2019,4218075194,1091904068942024704,40.10100452,-83.10974836
Sun Feb 03 03:35:06 +0000 2019,4218075194,1091902872596316160,40.10100452,-83.10974836
Sat Feb 02 23:20:44 +0000 2019,21195970,1091838859644555264,40.09745,-83.1002571
Sat Feb 02 21:35:33 +0000 2019,26033102,1091812392390909952,40.09650259,-83.10887062
Sat Feb 02 17:48:08 +0000 2019,26033102,1091755157518467073,40.09650259,-83.10887062
Fri Feb 01 22:27:54 +0000 2019,141693562,1091463177295024128,40.09854359,-83.10436672
Fri Feb 01 17:44:30 +0000 2019,34936522,1091391857395945475,40.1,-83.03
Sat Feb 09 19:35:49 +0000 2019,2282571576,1094318974697754624,40.10482868,-82.97484398
Sat Feb 02 20:17:57 +0000 2019,2282571576,1091792862063153152,40.10482868,-82.97484398
Sat Feb 09 23:51:21 +0000 2019,2864021800,1094383282932789248,40.10813173,-82.93636676
Sat Feb 09 23:16:40 +0000 2019,2864021800,1094374552598126593,40.10813173,-82.93636676
Sat Feb 09 22:43:22 +0000 2019,581403546,1094366172676530176,40.10830015,-82.92761403
Wed Feb 06 15:24:06 +0000 2019,135896329,1093168464410353666,40.10173953,-82.93642635
Mon Feb 04 21:24:47 +0000 2019,202383795,1092534455905017863,40.0997744,-82.93833998
Mon Feb 04 14:56:47 +0000 2019,930775286,1092436812151308288,40.10055,-82.92511
Mon Feb 04 14:18:19 +0000 2019,930775286,1092427131437621254,40.10055,-82.92511
Fri Feb 01 21:26:38 +0000 2019,202383795,1091447756856614912,40.0997744,-82.93833998
Sun Feb 10 21:13:04 +0000 2019,28457303,1094705837090566144,40.0729815,-83.130685
Fri Feb 08 23:21:17 +0000 2019,22454456,1094013326684639233,40.0770791,-83.1293569
Thu Feb 07 20:54:07 +0000 2019,32604848,1093613902808657921,40.07541467,-83.12113604
Thu Feb 07 16:15:27 +0000 2019,818597386176069633,1093543773185880069,40.0770897,-83.128849
Wed Feb 06 22:12:36 +0000 2019,22454456,1093271265450684416,40.0774409,-83.1322177
Wed Feb 06 06:52:42 +0000 2019,930775286,1093039765333655553,40.07566,-83.13579
Mon Feb 04 21:57:59 +0000 2019,3312872461,1092542813437345794,40.0754,-83.1331
Mon Feb 04 16:37:22 +0000 2019,22454456,1092462125363060736,40.0760975,-83.1320816
Mon Feb 04 14:05:54 +0000 2019,18039251,1092424007993999361,40.07605841,-83.12151442
Sun Feb 03 19:04:34 +0000 2019,206628688,1092136783326765056,40.0729815,-83.130685
Sat Feb 02 17:42:44 +0000 2019,22454456,1091753802586152960,40.0770897,-83.128849
Sat Feb 09 19:33:09 +0000 2019,141693562,1094318304649457670,40.084915,-83.091543
Wed Feb 06 12:43:59 +0000 2019,930775286,1093128167299182592,40.08529,-83.09218
Fri Feb 01 13:57:38 +0000 2019,479995985,1091334765222002688,40.0798,-83.10009
